Slot,Objective,R_nom,B_nom,R_wc,B_wc,Op,Adds,Removes,Time(s)
1,0.0877,0.1379,0.0498,N/A,N/A,0.1000,1,4,0.05
2,0.1538,0.1538,0.0000,N/A,N/A,0.0000,0,4,0.04
3,0.1818,0.1818,0.0000,N/A,N/A,0.0000,0,4,0.02
4,0.2222,0.2222,0.0000,N/A,N/A,0.0000,0,4,0.02
5,0.1420,0.2857,0.0563,N/A,N/A,0.2000,2,4,0.03
6,0.2909,0.3333,0.0575,N/A,N/A,0.1000,1,4,0.02
7,0.4444,0.4444,0.0000,N/A,N/A,0.0000,0,4,0.01
8,0.7921,0.8000,0.0921,N/A,N/A,0.1000,1,4,0.01
9,0.9384,1.0000,0.0384,N/A,N/A,0.1000,1,2,0.01
10,0.9079,1.0000,0.1079,N/A,N/A,0.2000,2,1,0.01
11,0.7975,1.0000,0.0975,N/A,N/A,0.3000,3,2,0.02
12,1.0025,1.0000,0.1025,N/A,N/A,0.1000,1,3,0.01
13,0.7785,1.0000,0.0785,N/A,N/A,0.3000,3,1,0.02
14,0.7915,1.0000,0.0915,N/A,N/A,0.3000,3,3,0.02
15,0.4554,0.6667,0.0888,N/A,N/A,0.3000,3,2,0.02
16,0.6865,0.7500,0.0365,N/A,N/A,0.1000,1,3,0.02
17,0.9472,1.0000,0.0472,N/A,N/A,0.1000,1,2,0.01
18,0.9844,1.0000,0.0844,N/A,N/A,0.1000,1,1,0.01
19,1.0037,1.0000,0.1037,N/A,N/A,0.1000,1,1,0.02
20,0.8745,1.0000,0.0745,N/A,N/A,0.2000,2,1,0.02
21,0.9039,1.0000,0.1039,N/A,N/A,0.2000,2,2,0.04
22,0.9324,1.0000,0.0324,N/A,N/A,0.1000,1,2,0.02
23,0.9248,1.0000,0.0248,N/A,N/A,0.1000,1,1,0.01
24,0.8988,1.0000,0.0988,N/A,N/A,0.2000,2,1,0.02
25,0.3510,0.5000,0.0510,N/A,N/A,0.2000,2,1,0.02
26,0.9130,1.0000,0.1130,N/A,N/A,0.2000,2,3,0.02
27,0.8286,1.0000,0.0286,N/A,N/A,0.2000,2,2,0.02
28,0.8542,1.0000,0.0542,N/A,N/A,0.2000,2,2,0.02
29,0.5655,1.0000,0.0655,N/A,N/A,0.5000,5,2,0.04
30,0.6496,0.8000,0.0496,N/A,N/A,0.2000,2,4,0.02
31,0.8419,1.0000,0.0419,N/A,N/A,0.2000,2,3,0.03
32,0.7764,1.0000,0.0764,N/A,N/A,0.3000,3,2,0.02
33,0.4209,0.6667,0.0542,N/A,N/A,0.3000,3,2,0.03
34,0.7654,0.7500,0.1154,N/A,N/A,0.1000,1,3,0.01
35,0.7516,1.0000,0.0516,N/A,N/A,0.3000,3,2,0.02
36,0.3243,0.6667,0.0576,N/A,N/A,0.4000,4,2,0.04
37,0.8351,1.0000,0.0351,N/A,N/A,0.2000,2,5,0.15
38,0.8694,1.0000,0.0694,N/A,N/A,0.2000,2,2,0.10
39,0.8619,1.0000,0.0619,N/A,N/A,0.2000,2,2,0.10
40,0.8315,1.0000,0.0315,N/A,N/A,0.2000,2,2,0.13
41,0.2983,0.5000,0.0983,N/A,N/A,0.3000,3,1,0.10
42,0.5814,0.7500,0.0314,N/A,N/A,0.2000,2,3,0.11
43,0.9103,1.0000,0.1103,N/A,N/A,0.2000,2,3,0.10
44,0.9833,1.0000,0.0833,N/A,N/A,0.1000,1,2,0.10
45,0.9364,1.0000,0.0364,N/A,N/A,0.1000,1,1,0.11
46,0.8166,1.0000,0.0166,N/A,N/A,0.2000,2,1,0.11
47,0.6478,1.0000,0.0478,N/A,N/A,0.4000,4,2,0.15
48,0.7500,0.7500,0.0000,N/A,N/A,0.0000,0,3,0.10
49,0.9000,1.0000,0.0000,N/A,N/A,0.1000,1,1,0.09
50,-0.0523,0.0000,0.0477,N/A,N/A,0.1000,1,0,0.10
51,0.4440,0.5000,0.0440,N/A,N/A,0.1000,1,1,0.11
52,0.1463,0.5000,0.0463,N/A,N/A,0.4000,4,1,0.04
53,0.7531,1.0000,0.0531,N/A,N/A,0.3000,3,5,0.10
54,1.0143,1.0000,0.1143,N/A,N/A,0.1000,1,3,0.09
55,0.7398,1.0000,0.0398,N/A,N/A,0.3000,3,1,0.12
56,0.4574,0.6667,0.0907,N/A,N/A,0.3000,3,2,0.11
57,0.5425,0.7500,0.0925,N/A,N/A,0.3000,3,3,0.11
58,0.6377,1.0000,0.0377,N/A,N/A,0.4000,4,4,0.12
59,0.7367,1.0000,0.0367,N/A,N/A,0.3000,3,4,0.11
60,0.7720,1.0000,0.0720,N/A,N/A,0.3000,3,3,0.10
61,0.8874,1.0000,0.0874,N/A,N/A,0.2000,2,3,0.10
62,0.9471,1.0000,0.0471,N/A,N/A,0.1000,1,2,0.10
63,0.7590,1.0000,0.0590,N/A,N/A,0.3000,3,1,0.10
64,0.1985,0.3333,0.0651,N/A,N/A,0.2000,2,1,0.10
65,0.7139,1.0000,0.0139,N/A,N/A,0.3000,3,4,0.12
66,0.7238,1.0000,0.0238,N/A,N/A,0.3000,3,3,0.13
67,0.6126,1.0000,0.0126,N/A,N/A,0.4000,4,3,0.14
68,0.7326,1.0000,0.0326,N/A,N/A,0.3000,3,4,0.12
69,0.8147,1.0000,0.0147,N/A,N/A,0.2000,2,3,0.12
70,0.5477,1.0000,0.0477,N/A,N/A,0.5000,5,2,0.12
71,0.9006,1.0000,0.1006,N/A,N/A,0.2000,2,5,0.10
72,0.6314,1.0000,0.0314,N/A,N/A,0.4000,4,2,0.13
73,1.0040,1.0000,0.1040,N/A,N/A,0.1000,1,4,0.09
74,0.9454,1.0000,0.0454,N/A,N/A,0.1000,1,1,0.10
75,0.8387,1.0000,0.0387,N/A,N/A,0.2000,2,1,0.10
76,0.5824,0.5000,0.0824,N/A,N/A,0.0000,0,1,0.09
77,0.7286,1.0000,0.0286,N/A,N/A,0.3000,3,1,0.11
78,0.7996,1.0000,0.0996,N/A,N/A,0.3000,3,3,0.10
79,0.5158,1.0000,0.0158,N/A,N/A,0.5000,5,3,0.13
80,0.5238,0.8000,0.0238,N/A,N/A,0.3000,3,4,0.12
81,0.5451,1.0000,0.0451,N/A,N/A,0.5000,5,4,0.13
82,0.6272,0.8000,0.0272,N/A,N/A,0.2000,2,4,0.12
83,0.7353,1.0000,0.0353,N/A,N/A,0.3000,3,3,0.12
84,1.0174,1.0000,0.1174,N/A,N/A,0.1000,1,3,0.09
85,0.7419,1.0000,0.0419,N/A,N/A,0.3000,3,1,0.11
86,0.7400,1.0000,0.0400,N/A,N/A,0.3000,3,3,0.11
87,0.7709,1.0000,0.0709,N/A,N/A,0.3000,3,3,0.11
88,0.7422,1.0000,0.0422,N/A,N/A,0.3000,3,3,0.11
89,0.5284,0.6667,0.0618,N/A,N/A,0.2000,2,2,0.11
90,0.7437,1.0000,0.0437,N/A,N/A,0.3000,3,3,0.12
91,0.6309,1.0000,0.0309,N/A,N/A,0.4000,4,3,0.12
92,0.5439,1.0000,0.0439,N/A,N/A,0.5000,5,4,0.13
93,0.6326,1.0000,0.0326,N/A,N/A,0.4000,4,5,0.12
94,0.6365,1.0000,0.0365,N/A,N/A,0.4000,4,4,0.12
95,0.7143,1.0000,0.0143,N/A,N/A,0.3000,3,4,0.11
96,0.3022,0.6667,0.0356,N/A,N/A,0.4000,4,2,0.13
97,0.6359,1.0000,0.0359,N/A,N/A,0.4000,4,5,0.12
98,0.5452,0.5000,0.0452,N/A,N/A,0.0000,0,2,0.11
99,0.5815,1.0000,0.0815,N/A,N/A,0.5000,5,2,0.12
100,0.8222,1.0000,0.0222,N/A,N/A,0.2000,2,5,0.10
101,0.7802,1.0000,0.0802,N/A,N/A,0.3000,3,2,0.10
102,0.7735,1.0000,0.0735,N/A,N/A,0.3000,3,3,0.11
103,0.9203,1.0000,0.0203,N/A,N/A,0.1000,1,3,0.11
104,1.0112,1.0000,0.1112,N/A,N/A,0.1000,1,1,0.09
105,0.5211,1.0000,0.0211,N/A,N/A,0.5000,5,1,0.13
106,0.3405,0.6000,0.0405,N/A,N/A,0.3000,3,3,0.13
107,0.5350,0.8000,0.0350,N/A,N/A,0.3000,3,4,0.12
108,0.4641,0.7500,0.0141,N/A,N/A,0.3000,3,3,0.12
109,0.6268,1.0000,0.0268,N/A,N/A,0.4000,4,4,0.12
110,0.7656,1.0000,0.0656,N/A,N/A,0.3000,3,4,0.11
111,0.6226,1.0000,0.0226,N/A,N/A,0.4000,4,3,0.12
112,0.5599,1.0000,0.0599,N/A,N/A,0.5000,5,4,0.11
113,0.6724,1.0000,0.0724,N/A,N/A,0.4000,4,5,0.13
114,0.4952,0.7500,0.0452,N/A,N/A,0.3000,3,3,0.13
115,0.2818,0.7500,0.0318,N/A,N/A,0.5000,5,3,0.14
116,0.4799,0.6667,0.0132,N/A,N/A,0.2000,2,4,0.13
117,0.6389,1.0000,0.0389,N/A,N/A,0.4000,4,4,0.13
118,0.6561,1.0000,0.0561,N/A,N/A,0.4000,4,4,0.11
119,0.4891,0.7500,0.0391,N/A,N/A,0.3000,3,3,0.12
120,0.2425,0.5000,0.0425,N/A,N/A,0.3000,3,2,0.13
121,0.6364,0.8000,0.0364,N/A,N/A,0.2000,2,4,0.12
122,0.6398,1.0000,0.0398,N/A,N/A,0.4000,4,3,0.12
123,0.8140,1.0000,0.0140,N/A,N/A,0.2000,2,4,0.11
124,0.8710,1.0000,0.0710,N/A,N/A,0.2000,2,2,0.10
125,0.7302,1.0000,0.0302,N/A,N/A,0.3000,3,2,0.12
126,0.6527,1.0000,0.0527,N/A,N/A,0.4000,4,3,0.12
127,0.6083,0.7500,0.0583,N/A,N/A,0.2000,2,3,0.11
128,0.6603,0.6667,0.0937,N/A,N/A,0.1000,1,2,0.10
129,0.7316,1.0000,0.0316,N/A,N/A,0.3000,3,2,0.13
130,0.7718,1.0000,0.0718,N/A,N/A,0.3000,3,3,0.12
131,0.8691,1.0000,0.0691,N/A,N/A,0.2000,2,3,0.11
132,0.8000,1.0000,0.0000,N/A,N/A,0.2000,2,2,0.11
133,0.3398,0.5000,0.0398,N/A,N/A,0.2000,2,1,0.11
134,0.7543,1.0000,0.0543,N/A,N/A,0.3000,3,3,0.11
135,0.3619,1.0000,0.0619,N/A,N/A,0.7000,7,3,0.12
136,0.6215,1.0000,0.0215,N/A,N/A,0.4000,4,7,0.13
137,0.6973,1.0000,0.0973,N/A,N/A,0.4000,4,4,0.11
138,0.6906,1.0000,0.0906,N/A,N/A,0.4000,4,4,0.12
139,0.7540,1.0000,0.0540,N/A,N/A,0.3000,3,4,0.12
140,0.8999,1.0000,0.0999,N/A,N/A,0.2000,2,3,0.10
141,0.8537,1.0000,0.0537,N/A,N/A,0.2000,2,2,0.11
142,0.6878,1.0000,0.0878,N/A,N/A,0.4000,4,2,0.11
143,0.8786,1.0000,0.0786,N/A,N/A,0.2000,2,4,0.10
144,0.7630,1.0000,0.0630,N/A,N/A,0.3000,3,2,0.11
145,0.8385,1.0000,0.0385,N/A,N/A,0.2000,2,3,0.10
146,1.0198,1.0000,0.1198,N/A,N/A,0.1000,1,2,0.09
147,0.5986,1.0000,0.0986,N/A,N/A,0.5000,5,1,0.11
148,0.7347,1.0000,0.0347,N/A,N/A,0.3000,3,5,0.11
149,0.7326,1.0000,0.0326,N/A,N/A,0.3000,3,3,0.12
150,0.7741,1.0000,0.0741,N/A,N/A,0.3000,3,3,0.11
151,0.5634,1.0000,0.0634,N/A,N/A,0.5000,5,3,0.12
152,0.3732,0.8000,0.0732,N/A,N/A,0.5000,5,4,0.11
153,0.8000,1.0000,0.0000,N/A,N/A,0.2000,2,6,0.11
154,0.1274,0.5000,0.0274,N/A,N/A,0.4000,4,1,0.13
155,0.6113,0.8000,0.0113,N/A,N/A,0.2000,2,4,0.12
156,0.8330,1.0000,0.0330,N/A,N/A,0.2000,2,3,0.11
157,0.9892,1.0000,0.0892,N/A,N/A,0.1000,1,2,0.09
158,0.7891,1.0000,0.0891,N/A,N/A,0.3000,3,1,0.10
159,0.8901,1.0000,0.0901,N/A,N/A,0.2000,2,3,0.10
160,0.7547,1.0000,0.0547,N/A,N/A,0.3000,3,2,0.11
161,0.1747,0.3333,0.0414,N/A,N/A,0.2000,2,1,0.13
162,0.7315,1.0000,0.0315,N/A,N/A,0.3000,3,4,0.11
163,0.6582,0.6667,0.0915,N/A,N/A,0.1000,1,2,0.10
164,0.2511,0.5000,0.0511,N/A,N/A,0.3000,3,1,0.13
165,0.5633,1.0000,0.0633,N/A,N/A,0.5000,5,4,0.12
166,0.7768,1.0000,0.0768,N/A,N/A,0.3000,3,5,0.11
167,0.5400,0.6667,0.0733,N/A,N/A,0.2000,2,2,0.11
168,0.3519,0.6667,0.0852,N/A,N/A,0.4000,4,2,0.11
169,0.4458,1.0000,0.0458,N/A,N/A,0.6000,6,5,0.12
170,0.4802,0.8333,0.0469,N/A,N/A,0.4000,4,5,0.12
171,0.4418,0.8000,0.0418,N/A,N/A,0.4000,4,4,0.12
172,0.4880,0.8000,0.0880,N/A,N/A,0.4000,4,4,0.11
173,0.7463,1.0000,0.0463,N/A,N/A,0.3000,3,5,0.11
174,0.3862,0.6667,0.0195,N/A,N/A,0.3000,3,2,0.11
175,0.4255,1.0000,0.0255,N/A,N/A,0.6000,6,4,0.13
176,0.5100,0.6667,0.0433,N/A,N/A,0.2000,2,4,0.12
177,0.6969,0.7500,0.0469,N/A,N/A,0.1000,1,3,0.11
178,0.3543,0.5000,0.0543,N/A,N/A,0.2000,2,1,0.12
179,0.7390,1.0000,0.0390,N/A,N/A,0.3000,3,3,0.12
180,0.9545,1.0000,0.0545,N/A,N/A,0.1000,1,3,0.10
181,0.7330,1.0000,0.0330,N/A,N/A,0.3000,3,1,0.11
182,0.5768,1.0000,0.0768,N/A,N/A,0.5000,5,3,0.12
183,0.4830,0.8000,0.0830,N/A,N/A,0.4000,4,4,0.11
184,0.6538,1.0000,0.0538,N/A,N/A,0.4000,4,5,0.12
185,0.6443,1.0000,0.0443,N/A,N/A,0.4000,4,4,0.11
186,0.6625,1.0000,0.0625,N/A,N/A,0.4000,4,4,0.12
187,1.0113,1.0000,0.1113,N/A,N/A,0.1000,1,4,0.11
188,0.9221,1.0000,0.0221,N/A,N/A,0.1000,1,1,0.12
189,0.9117,1.0000,0.1117,N/A,N/A,0.2000,2,1,0.10
190,0.4740,1.0000,0.0740,N/A,N/A,0.6000,6,2,0.12
191,0.5658,1.0000,0.0658,N/A,N/A,0.5000,5,6,0.12
192,0.5182,1.0000,0.0182,N/A,N/A,0.5000,5,5,0.14
193,0.4817,0.8000,0.0817,N/A,N/A,0.4000,4,4,0.11
194,0.7054,1.0000,0.1054,N/A,N/A,0.4000,4,5,0.11
195,0.4171,0.7500,0.0671,N/A,N/A,0.4000,4,3,0.13
196,0.4396,1.0000,0.0396,N/A,N/A,0.6000,6,5,0.13
197,0.4621,0.8333,0.0288,N/A,N/A,0.4000,4,5,0.13
198,0.7916,1.0000,0.0916,N/A,N/A,0.3000,3,5,0.10
199,0.5015,0.6667,0.0348,N/A,N/A,0.2000,2,2,0.12
200,0.1974,0.3333,0.0641,N/A,N/A,0.2000,2,1,0.12
201,0.6489,1.0000,0.0489,N/A,N/A,0.4000,4,4,0.12
202,0.3136,0.7500,0.0636,N/A,N/A,0.5000,5,3,0.12
203,0.7000,1.0000,0.0000,N/A,N/A,0.3000,3,6,0.12
204,0.2900,0.6667,0.0233,N/A,N/A,0.4000,4,2,0.13
205,0.4276,0.6000,0.0276,N/A,N/A,0.2000,2,3,0.04
206,0.7049,0.7500,0.0549,N/A,N/A,0.1000,1,3,0.02
207,0.7723,1.0000,0.0723,N/A,N/A,0.3000,3,2,0.02
208,0.4460,0.6667,0.0793,N/A,N/A,0.3000,3,2,0.03
209,0.2652,0.5000,0.0652,N/A,N/A,0.3000,3,2,0.03
210,0.2480,0.6000,0.0480,N/A,N/A,0.4000,4,3,0.05
211,0.3441,0.5000,0.0441,N/A,N/A,0.2000,2,3,0.03
212,0.8562,1.0000,0.0562,N/A,N/A,0.2000,2,5,0.10
213,0.7929,1.0000,0.0929,N/A,N/A,0.3000,3,2,0.10
214,0.6790,1.0000,0.0790,N/A,N/A,0.4000,4,3,0.11
215,0.7333,1.0000,0.0333,N/A,N/A,0.3000,3,4,0.12
216,0.3122,0.6667,0.0455,N/A,N/A,0.4000,4,2,0.12
217,0.4324,0.8000,0.0324,N/A,N/A,0.4000,4,4,0.14
218,0.4324,0.8000,0.0324,N/A,N/A,0.4000,4,4,0.12
219,0.4313,0.6000,0.0313,N/A,N/A,0.2000,2,3,0.14
220,0.4977,0.7500,0.0477,N/A,N/A,0.3000,3,3,0.12
221,0.6585,1.0000,0.0585,N/A,N/A,0.4000,4,4,0.13
222,0.6215,1.0000,0.0215,N/A,N/A,0.4000,4,4,0.16
223,0.4340,1.0000,0.0340,N/A,N/A,0.6000,6,4,0.15
224,0.5822,0.8333,0.0488,N/A,N/A,0.3000,3,5,0.12
225,0.6908,0.7500,0.0408,N/A,N/A,0.1000,1,3,0.12
226,0.7332,1.0000,0.0332,N/A,N/A,0.3000,3,2,0.12
227,0.6668,1.0000,0.0668,N/A,N/A,0.4000,4,3,0.12
228,0.3935,0.7500,0.0435,N/A,N/A,0.4000,4,3,0.12
229,0.6664,1.0000,0.0664,N/A,N/A,0.4000,4,5,0.11
230,0.4383,1.0000,0.0383,N/A,N/A,0.6000,6,4,0.13
231,0.7326,1.0000,0.0326,N/A,N/A,0.3000,3,6,0.11
232,0.3843,0.6667,0.0176,N/A,N/A,0.3000,3,2,0.13
233,0.7226,1.0000,0.0226,N/A,N/A,0.3000,3,4,0.12
234,0.4217,0.6667,0.0550,N/A,N/A,0.3000,3,2,0.12
235,1.0195,1.0000,0.1195,N/A,N/A,0.1000,1,4,0.10
236,-0.1626,0.0000,0.0374,N/A,N/A,0.2000,2,0,0.11
237,0.6522,1.0000,0.0522,N/A,N/A,0.4000,4,3,0.13
238,0.4645,1.0000,0.0645,N/A,N/A,0.6000,6,4,0.12
239,0.6576,1.0000,0.0576,N/A,N/A,0.4000,4,6,0.12
240,0.7745,1.0000,0.0745,N/A,N/A,0.3000,3,4,0.11
241,0.7505,1.0000,0.0505,N/A,N/A,0.3000,3,3,0.11
242,0.7138,1.0000,0.0138,N/A,N/A,0.3000,3,3,0.12
243,0.6491,1.0000,0.0491,N/A,N/A,0.4000,4,3,0.11
244,0.7499,1.0000,0.0499,N/A,N/A,0.3000,3,4,0.11
245,0.6610,1.0000,0.0610,N/A,N/A,0.4000,4,3,0.12
246,0.7429,1.0000,0.0429,N/A,N/A,0.3000,3,4,0.12
247,0.5212,1.0000,0.0212,N/A,N/A,0.5000,5,3,0.14
248,0.4404,1.0000,0.0404,N/A,N/A,0.6000,6,5,0.14
249,0.5406,1.0000,0.0406,N/A,N/A,0.5000,5,6,0.14
250,0.4442,0.8000,0.0442,N/A,N/A,0.4000,4,4,0.13
251,0.5690,0.8000,0.0690,N/A,N/A,0.3000,3,4,0.11
252,0.4258,1.0000,0.0258,N/A,N/A,0.6000,6,4,0.14
253,0.5303,1.0000,0.0303,N/A,N/A,0.5000,5,6,0.13
254,0.3355,0.8000,0.0355,N/A,N/A,0.5000,5,4,0.13
255,0.5566,1.0000,0.0566,N/A,N/A,0.5000,5,6,0.13
256,0.8671,1.0000,0.0671,N/A,N/A,0.2000,2,5,0.12
257,0.3895,0.5000,0.0895,N/A,N/A,0.2000,2,1,0.11
258,0.5334,1.0000,0.0334,N/A,N/A,0.5000,5,3,0.12
259,0.6112,1.0000,0.0112,N/A,N/A,0.4000,4,5,0.13
260,0.8510,1.0000,0.0510,N/A,N/A,0.2000,2,4,0.11
261,0.0126,0.5000,0.0126,N/A,N/A,0.5000,5,1,0.15
262,0.4934,0.8333,0.0601,N/A,N/A,0.4000,4,5,0.13
263,0.5259,0.8000,0.0259,N/A,N/A,0.3000,3,4,0.16
264,0.4144,0.7500,0.0644,N/A,N/A,0.4000,4,3,0.14
265,0.3324,0.8000,0.0324,N/A,N/A,0.5000,5,4,0.16
266,0.3581,0.8333,0.0248,N/A,N/A,0.5000,5,5,0.18
267,0.5466,1.0000,0.0466,N/A,N/A,0.5000,5,6,0.14
268,0.7464,1.0000,0.0464,N/A,N/A,0.3000,3,5,0.12
269,0.2050,0.6667,0.0384,N/A,N/A,0.5000,5,2,0.15
270,0.3480,1.0000,0.0480,N/A,N/A,0.7000,7,6,0.14
271,0.6472,1.0000,0.0472,N/A,N/A,0.4000,4,7,0.14
272,0.8331,1.0000,0.0331,N/A,N/A,0.2000,2,4,0.12
273,0.2399,0.5000,0.0399,N/A,N/A,0.3000,3,1,0.14
274,0.6185,1.0000,0.0185,N/A,N/A,0.4000,4,4,0.14
275,0.7242,1.0000,0.0242,N/A,N/A,0.3000,3,4,0.13
276,0.7327,1.0000,0.0327,N/A,N/A,0.3000,3,3,0.13
277,0.6489,1.0000,0.0489,N/A,N/A,0.4000,4,3,0.12
278,0.4908,0.7500,0.0408,N/A,N/A,0.3000,3,3,0.12
279,0.5264,1.0000,0.0264,N/A,N/A,0.5000,5,4,0.15
280,0.4318,1.0000,0.0318,N/A,N/A,0.6000,6,5,0.14
281,0.2279,0.5000,0.0279,N/A,N/A,0.3000,3,3,0.15
282,0.3230,1.0000,0.0230,N/A,N/A,0.7000,7,6,0.16
283,0.5920,0.8571,0.0349,N/A,N/A,0.3000,3,6,0.14
284,0.1678,0.7500,0.0178,N/A,N/A,0.6000,6,3,0.15
285,0.8476,0.8571,0.0905,N/A,N/A,0.1000,1,6,0.10
286,0.2000,0.5000,0.0000,N/A,N/A,0.3000,3,1,0.13
287,0.1719,0.7500,0.0219,N/A,N/A,0.6000,6,3,0.16
288,0.5278,0.8571,0.0707,N/A,N/A,0.4000,4,6,0.13
289,0.5066,1.0000,0.0066,N/A,N/A,0.5000,5,5,0.14
290,0.5384,1.0000,0.0384,N/A,N/A,0.5000,5,5,0.14
291,0.4444,1.0000,0.0444,N/A,N/A,0.6000,6,5,0.14
292,0.6624,1.0000,0.0624,N/A,N/A,0.4000,4,6,0.12
293,0.5580,1.0000,0.0580,N/A,N/A,0.5000,5,4,0.12
294,0.3573,0.8000,0.0573,N/A,N/A,0.5000,5,4,0.13
295,0.5279,1.0000,0.0279,N/A,N/A,0.5000,5,6,0.15
296,0.2518,0.8000,0.0518,N/A,N/A,0.6000,6,4,0.14
297,0.2643,1.0000,0.0643,N/A,N/A,0.8000,8,7,0.14
298,0.7313,0.8750,0.0563,N/A,N/A,0.2000,2,7,0.12
299,0.6455,1.0000,0.0455,N/A,N/A,0.4000,4,3,0.13
300,0.5195,1.0000,0.0195,N/A,N/A,0.5000,5,4,0.15
301,0.0364,0.6000,0.0364,N/A,N/A,0.6000,6,3,0.16
302,0.2794,0.7500,0.0294,N/A,N/A,0.5000,5,6,0.16
303,0.4501,0.7143,0.0358,N/A,N/A,0.3000,3,5,0.15
304,0.3348,1.0000,0.0348,N/A,N/A,0.7000,7,5,0.15
305,0.2211,0.5714,0.0496,N/A,N/A,0.4000,4,4,0.06
306,0.5085,0.8571,0.0514,N/A,N/A,0.4000,4,6,0.13
307,0.4324,1.0000,0.0324,N/A,N/A,0.6000,6,5,0.14
308,0.2834,0.8333,0.0501,N/A,N/A,0.6000,6,5,0.14
309,0.3492,1.0000,0.0492,N/A,N/A,0.7000,7,7,0.14
310,0.2488,0.7143,0.0345,N/A,N/A,0.5000,5,5,0.14
311,0.3661,0.7143,0.0518,N/A,N/A,0.4000,4,5,0.13
312,0.3448,1.0000,0.0448,N/A,N/A,0.7000,7,6,0.14
313,0.5176,0.8571,0.0604,N/A,N/A,0.4000,4,6,0.12
314,0.3380,1.0000,0.0380,N/A,N/A,0.7000,7,5,0.15
315,0.2978,0.8571,0.0407,N/A,N/A,0.6000,6,6,0.15
316,0.3942,0.8571,0.0370,N/A,N/A,0.5000,5,6,0.14
317,0.4744,0.8333,0.0411,N/A,N/A,0.4000,4,5,0.13
318,0.5489,1.0000,0.0489,N/A,N/A,0.5000,5,5,0.12
319,0.7488,1.0000,0.0488,N/A,N/A,0.3000,3,5,0.11
320,0.6232,1.0000,0.0232,N/A,N/A,0.4000,4,3,0.13
321,0.4680,0.7500,0.0180,N/A,N/A,0.3000,3,3,0.15
322,0.7312,1.0000,0.0312,N/A,N/A,0.3000,3,4,0.12
323,0.5342,1.0000,0.0342,N/A,N/A,0.5000,5,3,0.13
324,0.5522,1.0000,0.0522,N/A,N/A,0.5000,5,5,0.13
325,0.4394,0.8000,0.0394,N/A,N/A,0.4000,4,4,0.14
326,0.6828,1.0000,0.0828,N/A,N/A,0.4000,4,5,0.11
327,0.7806,1.0000,0.0806,N/A,N/A,0.3000,3,4,0.11
328,0.4467,1.0000,0.0467,N/A,N/A,0.6000,6,3,0.14
329,0.3579,0.8333,0.0246,N/A,N/A,0.5000,5,5,0.15
330,0.6034,0.8333,0.0701,N/A,N/A,0.3000,3,5,0.12
331,0.3942,0.7500,0.0442,N/A,N/A,0.4000,4,3,0.13
332,0.3739,0.6000,0.0739,N/A,N/A,0.3000,3,3,0.12
333,0.4242,0.8000,0.0242,N/A,N/A,0.4000,4,4,0.12
334,0.4553,0.8000,0.0553,N/A,N/A,0.4000,4,4,0.12
335,0.5587,1.0000,0.0587,N/A,N/A,0.5000,5,5,0.13
336,0.4417,1.0000,0.0417,N/A,N/A,0.6000,6,5,0.14
337,0.6233,1.0000,0.0233,N/A,N/A,0.4000,4,6,0.14
338,0.8163,1.0000,0.0163,N/A,N/A,0.2000,2,4,0.11
339,0.0314,0.5000,0.0314,N/A,N/A,0.5000,5,1,0.13
340,0.7191,1.0000,0.0191,N/A,N/A,0.3000,3,6,0.13
341,0.5616,1.0000,0.0616,N/A,N/A,0.5000,5,3,0.12
342,0.5353,1.0000,0.0353,N/A,N/A,0.5000,5,5,0.13
343,0.5260,1.0000,0.0260,N/A,N/A,0.5000,5,5,0.14
344,0.5620,1.0000,0.0620,N/A,N/A,0.5000,5,5,0.13
345,0.4457,1.0000,0.0457,N/A,N/A,0.6000,6,5,0.16
346,0.4797,0.8333,0.0464,N/A,N/A,0.4000,4,5,0.15
347,0.3819,0.8000,0.0819,N/A,N/A,0.5000,5,4,0.13
348,0.5266,1.0000,0.0266,N/A,N/A,0.5000,5,6,0.13
349,0.2326,0.8000,0.0326,N/A,N/A,0.6000,6,4,0.16
350,0.4058,0.8571,0.0487,N/A,N/A,0.5000,5,6,0.13
351,0.6767,0.8333,0.0434,N/A,N/A,0.2000,2,5,0.13
352,1.0171,1.0000,0.1171,N/A,N/A,0.1000,1,3,0.10
353,0.8935,1.0000,0.0935,N/A,N/A,0.2000,2,1,0.10
354,0.4381,1.0000,0.0381,N/A,N/A,0.6000,6,2,0.15
355,0.8437,1.0000,0.0437,N/A,N/A,0.2000,2,6,0.12
356,0.2250,0.5000,0.0250,N/A,N/A,0.3000,3,1,0.14
357,0.7599,1.0000,0.0599,N/A,N/A,0.3000,3,4,0.11
358,0.2034,0.6667,0.0367,N/A,N/A,0.5000,5,2,0.14
359,0.8495,1.0000,0.0495,N/A,N/A,0.2000,2,6,0.12
360,0.6790,1.0000,0.0790,N/A,N/A,0.4000,4,2,0.12
361,0.5910,0.7500,0.0410,N/A,N/A,0.2000,2,3,0.11
362,0.4212,0.6667,0.0546,N/A,N/A,0.3000,3,2,0.13
363,0.5498,1.0000,0.0498,N/A,N/A,0.5000,5,4,0.12
364,0.7868,1.0000,0.0868,N/A,N/A,0.3000,3,5,0.11
365,0.8019,1.0000,0.1019,N/A,N/A,0.3000,3,3,0.11
366,0.9078,1.0000,0.1078,N/A,N/A,0.2000,2,3,0.11
367,0.6333,1.0000,0.0333,N/A,N/A,0.4000,4,2,0.13
368,0.7578,1.0000,0.0578,N/A,N/A,0.3000,3,4,0.13
369,0.3889,0.3333,0.0556,N/A,N/A,0.0000,0,1,0.13
370,0.9214,1.0000,0.0214,N/A,N/A,0.1000,1,2,0.13
371,0.6708,1.0000,0.0708,N/A,N/A,0.4000,4,1,0.13
372,0.7499,1.0000,0.0499,N/A,N/A,0.3000,3,4,0.13
373,0.5500,1.0000,0.0500,N/A,N/A,0.5000,5,3,0.14
374,0.5485,1.0000,0.0485,N/A,N/A,0.5000,5,5,0.14
375,0.7889,1.0000,0.0889,N/A,N/A,0.3000,3,5,0.12
376,0.6233,1.0000,0.0233,N/A,N/A,0.4000,4,3,0.15
377,0.7535,1.0000,0.0535,N/A,N/A,0.3000,3,4,0.11
378,0.4622,1.0000,0.0622,N/A,N/A,0.6000,6,3,0.13
379,0.5598,1.0000,0.0598,N/A,N/A,0.5000,5,6,0.12
380,0.7362,1.0000,0.0362,N/A,N/A,0.3000,3,5,0.14
381,0.8299,1.0000,0.0299,N/A,N/A,0.2000,2,3,0.12
382,0.6462,1.0000,0.0462,N/A,N/A,0.4000,4,2,0.13
383,0.5208,1.0000,0.0208,N/A,N/A,0.5000,5,4,0.18
384,0.6927,1.0000,0.0927,N/A,N/A,0.4000,4,5,0.12
385,0.7124,1.0000,0.0124,N/A,N/A,0.3000,3,4,0.13
386,0.6633,1.0000,0.0633,N/A,N/A,0.4000,4,3,0.14
387,0.4265,1.0000,0.0265,N/A,N/A,0.6000,6,4,0.15
388,0.4811,0.8333,0.0478,N/A,N/A,0.4000,4,5,0.14
389,0.8152,1.0000,0.0152,N/A,N/A,0.2000,2,5,0.12
390,0.3119,0.5000,0.0119,N/A,N/A,0.2000,2,1,0.13
391,0.1686,0.3333,0.0353,N/A,N/A,0.2000,2,1,0.14
392,0.9282,1.0000,0.0282,N/A,N/A,0.1000,1,4,0.11
393,0.7758,1.0000,0.0758,N/A,N/A,0.3000,3,1,0.12
394,0.1947,0.6667,0.0281,N/A,N/A,0.5000,5,2,0.15
395,0.5734,0.8333,0.0401,N/A,N/A,0.3000,3,5,0.13
396,0.3775,0.7500,0.0275,N/A,N/A,0.4000,4,3,0.14
397,0.5520,0.8000,0.0520,N/A,N/A,0.3000,3,4,0.13
398,0.3760,0.7500,0.0260,N/A,N/A,0.4000,4,3,0.13
399,0.7137,1.0000,0.0137,N/A,N/A,0.3000,3,5,0.12
400,0.5155,0.6667,0.0488,N/A,N/A,0.2000,2,2,0.13
401,0.6287,1.0000,0.0287,N/A,N/A,0.4000,4,3,0.13
402,0.3677,0.7500,0.0177,N/A,N/A,0.4000,4,3,0.15
403,0.5388,1.0000,0.0388,N/A,N/A,0.5000,5,5,0.15
404,0.4425,0.8000,0.0425,N/A,N/A,0.4000,4,4,0.12
405,0.5555,0.8000,0.0555,N/A,N/A,0.3000,3,4,0.13
406,0.5961,1.0000,0.0961,N/A,N/A,0.5000,5,4,0.12
407,0.4194,1.0000,0.0194,N/A,N/A,0.6000,6,5,0.15
408,0.1635,0.8333,0.0302,N/A,N/A,0.7000,7,5,0.18
409,-0.0443,0.6250,0.0307,N/A,N/A,0.7000,7,5,0.19
410,0.0196,0.7000,0.0196,N/A,N/A,0.7000,7,7,0.19
411,0.2314,0.9000,0.0314,N/A,N/A,0.7000,7,9,0.17
412,0.5115,0.5000,0.0115,N/A,N/A,0.0000,0,4,0.04
413,0.3593,0.5000,0.0593,N/A,N/A,0.2000,2,2,0.03
414,0.1417,0.5000,0.0417,N/A,N/A,0.4000,4,2,0.06
415,0.3391,0.5000,0.0391,N/A,N/A,0.2000,2,3,0.06
416,0.1455,0.4000,0.0455,N/A,N/A,0.3000,3,2,0.04
417,0.1394,0.5000,0.0394,N/A,N/A,0.4000,4,3,0.07
418,0.5714,0.5714,0.0000,N/A,N/A,0.0000,0,4,0.03
419,-0.2842,0.6667,0.0491,N/A,N/A,1.0000,10,2,0.18
420,0.3730,0.3636,0.0094,N/A,N/A,0.0000,0,4,0.04
421,-0.2615,0.2857,0.0528,N/A,N/A,0.6000,6,2,0.09
422,0.4586,1.0000,0.0586,N/A,N/A,0.6000,6,11,0.14
423,0.5176,1.0000,0.0176,N/A,N/A,0.5000,5,6,0.16
424,0.6354,1.0000,0.0354,N/A,N/A,0.4000,4,5,0.13
425,0.4412,1.0000,0.0412,N/A,N/A,0.6000,6,4,0.16
426,0.6752,1.0000,0.0752,N/A,N/A,0.4000,4,6,0.13
427,0.6499,1.0000,0.0499,N/A,N/A,0.4000,4,4,0.12
428,0.5976,0.7500,0.0476,N/A,N/A,0.2000,2,3,0.11
429,0.7818,1.0000,0.0818,N/A,N/A,0.3000,3,3,0.11
430,0.6201,1.0000,0.0201,N/A,N/A,0.4000,4,3,0.13
431,0.5786,0.7500,0.0286,N/A,N/A,0.2000,2,3,0.14
432,0.7526,1.0000,0.0526,N/A,N/A,0.3000,3,3,0.11
433,0.9033,1.0000,0.1033,N/A,N/A,0.2000,2,3,0.10
434,0.6843,1.0000,0.0843,N/A,N/A,0.4000,4,2,0.12
435,0.4942,0.7500,0.0442,N/A,N/A,0.3000,3,3,0.12
436,0.5863,1.0000,0.0863,N/A,N/A,0.5000,5,4,0.12
437,0.8497,1.0000,0.0497,N/A,N/A,0.2000,2,5,0.12
438,0.5300,1.0000,0.0300,N/A,N/A,0.5000,5,2,0.13
439,0.6220,0.8000,0.0220,N/A,N/A,0.2000,2,4,0.12
440,0.4925,0.6667,0.0258,N/A,N/A,0.2000,2,2,0.13
441,0.2103,0.6667,0.0437,N/A,N/A,0.5000,5,2,0.14
442,0.5001,0.8333,0.0667,N/A,N/A,0.4000,4,5,0.13
443,0.5399,1.0000,0.0399,N/A,N/A,0.5000,5,5,0.14
444,0.5655,1.0000,0.0655,N/A,N/A,0.5000,5,5,0.14
445,0.6080,1.0000,0.0080,N/A,N/A,0.4000,4,5,0.14
446,0.4074,0.7500,0.0574,N/A,N/A,0.4000,4,3,0.13
447,0.2281,0.8000,0.0281,N/A,N/A,0.6000,6,4,0.14
448,0.2422,0.7143,0.0279,N/A,N/A,0.5000,5,5,0.15
449,0.5486,1.0000,0.0486,N/A,N/A,0.5000,5,7,0.14
450,0.6182,1.0000,0.0182,N/A,N/A,0.4000,4,5,0.13
451,-0.1202,0.2500,0.0298,N/A,N/A,0.4000,4,1,0.15
452,0.3922,0.8571,0.0351,N/A,N/A,0.5000,5,6,0.14
453,0.7441,1.0000,0.0441,N/A,N/A,0.3000,3,6,0.13
454,0.3063,0.6667,0.0396,N/A,N/A,0.4000,4,2,0.14
455,0.5288,1.0000,0.0288,N/A,N/A,0.5000,5,5,0.15
456,0.9912,1.0000,0.0912,N/A,N/A,0.1000,1,5,0.10
457,0.7372,1.0000,0.0372,N/A,N/A,0.3000,3,1,0.12
458,0.4171,1.0000,0.0171,N/A,N/A,0.6000,6,3,0.16
459,0.7518,0.8333,0.0184,N/A,N/A,0.1000,1,5,0.11
460,0.6301,1.0000,0.0301,N/A,N/A,0.4000,4,2,0.14
461,0.4693,0.7500,0.0193,N/A,N/A,0.3000,3,3,0.14
462,0.4984,0.7500,0.0484,N/A,N/A,0.3000,3,3,0.13
463,0.3837,0.7500,0.0337,N/A,N/A,0.4000,4,3,0.13
464,0.7794,1.0000,0.0794,N/A,N/A,0.3000,3,5,0.12
465,0.4416,1.0000,0.0416,N/A,N/A,0.6000,6,3,0.14
466,0.4895,0.6667,0.0228,N/A,N/A,0.2000,2,4,0.13
467,0.6556,1.0000,0.0556,N/A,N/A,0.4000,4,4,0.13
468,0.1895,0.7500,0.0395,N/A,N/A,0.6000,6,3,0.14
469,0.6112,1.0000,0.0112,N/A,N/A,0.4000,4,7,0.14
470,0.4502,0.7500,0.1002,N/A,N/A,0.4000,4,3,0.12
471,0.6863,1.0000,0.0863,N/A,N/A,0.4000,4,5,0.11
472,0.4507,1.0000,0.0507,N/A,N/A,0.6000,6,4,0.15
473,0.5312,1.0000,0.0312,N/A,N/A,0.5000,5,6,0.14
474,-0.0706,0.8000,0.0294,N/A,N/A,0.9000,9,4,0.17
475,0.4103,0.9000,0.0103,N/A,N/A,0.5000,5,9,0.16
476,0.4824,0.8333,0.0491,N/A,N/A,0.4000,4,5,0.13
477,0.5954,1.0000,0.0954,N/A,N/A,0.5000,5,5,0.12
478,0.6458,1.0000,0.0458,N/A,N/A,0.4000,4,5,0.13
479,0.4310,1.0000,0.0310,N/A,N/A,0.6000,6,4,0.15
480,0.3048,0.6667,0.0381,N/A,N/A,0.4000,4,4,0.15
481,0.3036,0.6667,0.0370,N/A,N/A,0.4000,4,4,0.15
482,0.3747,0.8333,0.0413,N/A,N/A,0.5000,5,5,0.13
483,0.6327,1.0000,0.0327,N/A,N/A,0.4000,4,6,0.13
484,0.6525,1.0000,0.0525,N/A,N/A,0.4000,4,4,0.13
485,0.3931,0.7500,0.0431,N/A,N/A,0.4000,4,3,0.14
486,0.3345,0.8000,0.0345,N/A,N/A,0.5000,5,4,0.15
487,0.4796,0.8333,0.0462,N/A,N/A,0.4000,4,5,0.15
488,0.1200,0.8000,0.0200,N/A,N/A,0.7000,7,4,0.18
489,0.5445,1.0000,0.0445,N/A,N/A,0.5000,5,8,0.15
490,0.6395,0.8000,0.0395,N/A,N/A,0.2000,2,4,0.15
491,0.6338,1.0000,0.0338,N/A,N/A,0.4000,4,3,0.14
492,0.7788,1.0000,0.0788,N/A,N/A,0.3000,3,4,0.12
493,0.8158,1.0000,0.0158,N/A,N/A,0.2000,2,3,0.13
494,0.0317,0.5000,0.0317,N/A,N/A,0.5000,5,1,0.16
495,0.3709,0.8333,0.0376,N/A,N/A,0.5000,5,5,0.15
496,0.5193,1.0000,0.0193,N/A,N/A,0.5000,5,6,0.14
497,0.3308,0.8000,0.0308,N/A,N/A,0.5000,5,4,0.15
498,0.4403,1.0000,0.0403,N/A,N/A,0.6000,6,6,0.15
499,0.6667,1.0000,0.0667,N/A,N/A,0.4000,4,6,0.13
500,0.3291,1.0000,0.0291,N/A,N/A,0.7000,7,4,0.16
501,0.3829,0.8571,0.0258,N/A,N/A,0.5000,5,6,0.16
502,0.1182,0.5000,0.0182,N/A,N/A,0.4000,4,3,0.16
503,0.5016,0.8571,0.0445,N/A,N/A,0.4000,4,6,0.17
504,0.2165,0.6000,0.0165,N/A,N/A,0.4000,4,3,0.16
505,0.6435,1.0000,0.0435,N/A,N/A,0.4000,4,6,0.13
506,0.4757,1.0000,0.0757,N/A,N/A,0.6000,6,4,0.13
507,0.3627,0.8333,0.0294,N/A,N/A,0.5000,5,5,0.15
508,0.3451,0.8333,0.0118,N/A,N/A,0.5000,5,5,0.16
509,-0.0059,0.6667,0.0274,N/A,N/A,0.7000,7,4,0.17
510,0.3986,0.6667,0.0319,N/A,N/A,0.3000,3,6,0.16
511,0.3338,1.0000,0.0338,N/A,N/A,0.7000,7,6,0.14
512,0.3263,1.0000,0.0263,N/A,N/A,0.7000,7,7,0.15
513,0.4918,0.8571,0.0347,N/A,N/A,0.4000,4,6,0.15
514,0.2443,0.8000,0.0443,N/A,N/A,0.6000,6,4,0.14
515,0.1829,0.8571,0.0258,N/A,N/A,0.7000,7,6,0.16
516,0.3517,0.8750,0.0767,N/A,N/A,0.6000,6,7,0.12
517,0.4524,1.0000,0.0524,N/A,N/A,0.6000,6,7,0.13
518,0.4830,0.8333,0.0497,N/A,N/A,0.4000,4,5,0.14
519,0.6633,1.0000,0.0633,N/A,N/A,0.4000,4,5,0.12
520,0.4252,1.0000,0.0252,N/A,N/A,0.6000,6,4,0.15
521,0.1683,0.8333,0.0350,N/A,N/A,0.7000,7,5,0.16
522,0.2276,1.0000,0.0276,N/A,N/A,0.8000,8,8,0.16
523,0.0051,0.8750,0.0301,N/A,N/A,0.9000,9,7,0.16
524,0.4518,0.9000,0.0518,N/A,N/A,0.5000,5,9,0.15
525,0.3231,1.0000,0.0231,N/A,N/A,0.7000,7,6,0.15
526,0.6518,1.0000,0.0518,N/A,N/A,0.4000,4,7,0.13
527,0.7595,1.0000,0.0595,N/A,N/A,0.3000,3,4,0.12
528,0.3369,1.0000,0.0369,N/A,N/A,0.7000,7,3,0.20
529,0.2537,1.0000,0.0537,N/A,N/A,0.8000,8,7,0.15
530,0.4129,0.8750,0.0379,N/A,N/A,0.5000,5,7,0.14
531,0.0601,0.8333,0.0268,N/A,N/A,0.8000,8,5,0.17
532,0.4292,1.0000,0.0292,N/A,N/A,0.6000,6,9,0.15
533,0.7332,1.0000,0.0332,N/A,N/A,0.3000,3,6,0.13
534,0.7422,1.0000,0.0422,N/A,N/A,0.3000,3,3,0.14
535,0.5361,1.0000,0.0361,N/A,N/A,0.5000,5,3,0.15
536,0.2500,0.8000,0.0500,N/A,N/A,0.6000,6,4,0.15
537,0.4020,0.8571,0.0448,N/A,N/A,0.5000,5,6,0.14
538,0.4302,1.0000,0.0302,N/A,N/A,0.6000,6,6,0.14
539,0.4263,0.6667,0.0597,N/A,N/A,0.3000,3,4,0.13
540,0.5381,1.0000,0.0381,N/A,N/A,0.5000,5,5,0.14
541,0.5559,1.0000,0.0559,N/A,N/A,0.5000,5,5,0.13
542,0.4256,1.0000,0.0256,N/A,N/A,0.6000,6,5,0.16
543,0.3393,1.0000,0.0393,N/A,N/A,0.7000,7,6,0.17
544,0.3182,1.0000,0.0182,N/A,N/A,0.7000,7,7,0.16
545,0.1469,0.7143,0.0326,N/A,N/A,0.6000,6,5,0.16
546,0.6671,1.0000,0.0671,N/A,N/A,0.4000,4,8,0.11
547,0.5570,0.7500,0.1070,N/A,N/A,0.3000,3,3,0.12
548,0.3954,0.7500,0.0454,N/A,N/A,0.4000,4,3,0.12
549,0.4443,1.0000,0.0443,N/A,N/A,0.6000,6,5,0.14
550,0.1770,0.8333,0.0436,N/A,N/A,0.7000,7,5,0.15
551,0.3301,1.0000,0.0301,N/A,N/A,0.7000,7,8,0.17
552,0.3606,0.7143,0.0463,N/A,N/A,0.4000,4,5,0.14
553,0.4875,0.6667,0.0209,N/A,N/A,0.2000,2,4,0.14
554,0.8049,1.0000,0.1049,N/A,N/A,0.3000,3,4,0.11
555,0.6324,1.0000,0.0324,N/A,N/A,0.4000,4,3,0.13
556,0.2615,0.7500,0.0115,N/A,N/A,0.5000,5,3,0.15
557,0.3646,0.8333,0.0312,N/A,N/A,0.5000,5,5,0.15
558,0.3046,0.8333,0.0713,N/A,N/A,0.6000,6,5,0.14
559,0.6896,1.0000,0.0896,N/A,N/A,0.4000,4,7,0.12
560,0.1720,0.7500,0.0220,N/A,N/A,0.6000,6,3,0.15
561,0.4411,1.0000,0.0411,N/A,N/A,0.6000,6,7,0.14
562,0.3811,0.8333,0.0478,N/A,N/A,0.5000,5,5,0.15
563,0.3047,0.6667,0.0380,N/A,N/A,0.4000,4,4,0.14
564,0.1650,0.8333,0.0317,N/A,N/A,0.7000,7,5,0.15
565,0.3009,0.8750,0.0259,N/A,N/A,0.6000,6,7,0.16
566,0.1310,0.7143,0.0167,N/A,N/A,0.6000,6,5,0.16
567,0.3951,0.8750,0.0201,N/A,N/A,0.5000,5,7,0.15
568,0.6320,1.0000,0.0320,N/A,N/A,0.4000,4,6,0.14
569,0.6586,1.0000,0.0586,N/A,N/A,0.4000,4,4,0.14
570,0.2830,0.7500,0.0330,N/A,N/A,0.5000,5,3,0.15
571,0.0617,0.8333,0.0283,N/A,N/A,0.8000,8,5,0.17
572,0.2808,0.6667,0.0141,N/A,N/A,0.4000,4,6,0.16
573,0.2046,0.8571,0.0474,N/A,N/A,0.7000,7,6,0.16
574,0.5016,0.8750,0.0266,N/A,N/A,0.4000,4,7,0.13
575,0.4511,0.8000,0.0511,N/A,N/A,0.4000,4,4,0.13
576,0.6661,1.0000,0.0661,N/A,N/A,0.4000,4,5,0.13
577,0.3090,1.0000,0.0090,N/A,N/A,0.7000,7,4,0.17
578,-0.0683,0.7143,0.0174,N/A,N/A,0.8000,8,5,0.18
579,0.2172,0.6000,0.0172,N/A,N/A,0.4000,4,6,0.17
580,0.2462,0.6250,0.0212,N/A,N/A,0.4000,4,5,0.16
581,0.3405,1.0000,0.0405,N/A,N/A,0.7000,7,7,0.15
582,0.5077,1.0000,0.1077,N/A,N/A,0.6000,6,7,0.12
583,0.6229,1.0000,0.0229,N/A,N/A,0.4000,4,6,0.13
584,0.3182,1.0000,0.0182,N/A,N/A,0.7000,7,4,0.16
585,-0.0183,0.8571,0.0245,N/A,N/A,0.9000,9,6,0.17
586,0.3223,0.9000,0.0223,N/A,N/A,0.6000,6,9,0.17
587,0.4237,1.0000,0.0237,N/A,N/A,0.6000,6,7,0.16
588,0.4220,1.0000,0.0220,N/A,N/A,0.6000,6,6,0.16
589,0.4397,1.0000,0.0397,N/A,N/A,0.6000,6,6,0.14
590,0.3937,0.8333,0.0604,N/A,N/A,0.5000,5,5,0.14
591,0.1851,0.6667,0.0184,N/A,N/A,0.5000,5,4,0.18
592,0.0382,0.4286,0.0096,N/A,N/A,0.4000,4,3,0.19
593,0.3655,0.7500,0.0155,N/A,N/A,0.4000,4,6,0.19
594,0.5157,1.0000,0.0157,N/A,N/A,0.5000,5,6,0.14
595,0.1300,0.6000,0.0300,N/A,N/A,0.5000,5,3,0.16
596,0.6386,1.0000,0.0386,N/A,N/A,0.4000,4,7,0.12
597,0.4464,1.0000,0.0464,N/A,N/A,0.6000,6,4,0.14
598,0.1594,0.8333,0.0260,N/A,N/A,0.7000,7,5,0.18
599,0.2975,0.8750,0.0225,N/A,N/A,0.6000,6,7,0.17
600,0.2477,0.7143,0.0334,N/A,N/A,0.5000,5,5,0.17
601,0.3283,0.7143,0.0140,N/A,N/A,0.4000,4,5,0.16
602,0.3335,1.0000,0.0335,N/A,N/A,0.7000,7,6,0.16
603,0.2775,0.8571,0.0203,N/A,N/A,0.6000,6,6,0.16
604,0.2981,0.8571,0.0410,N/A,N/A,0.6000,6,6,0.15
605,0.5197,1.0000,0.0197,N/A,N/A,0.5000,5,7,0.15
606,-0.0604,0.8000,0.0396,N/A,N/A,0.9000,9,4,0.16
607,0.3302,0.8000,0.0302,N/A,N/A,0.5000,5,8,0.17
608,0.2387,0.7143,0.0244,N/A,N/A,0.5000,5,5,0.18
609,0.0963,0.5714,0.0249,N/A,N/A,0.5000,5,4,0.18
610,0.4629,0.7500,0.0129,N/A,N/A,0.3000,3,6,0.15
611,0.5453,0.8000,0.0453,N/A,N/A,0.3000,3,4,0.13
612,0.3647,0.7500,0.0147,N/A,N/A,0.4000,4,3,0.17
613,0.3229,0.8000,0.0229,N/A,N/A,0.5000,5,4,0.17
614,0.4698,0.8333,0.0364,N/A,N/A,0.4000,4,5,0.14
615,-0.1770,0.4000,0.0230,N/A,N/A,0.6000,6,2,0.17
616,0.5119,0.8889,0.0231,N/A,N/A,0.4000,4,8,0.15
617,0.7196,1.0000,0.0196,N/A,N/A,0.3000,3,5,0.14
618,0.7347,1.0000,0.0347,N/A,N/A,0.3000,3,3,0.14
619,-0.2038,0.6667,0.0296,N/A,N/A,0.9000,9,2,0.19
620,0.2197,0.6000,0.0197,N/A,N/A,0.4000,4,6,0.18
621,0.5126,1.0000,0.0126,N/A,N/A,0.5000,5,8,0.14
622,0.6217,1.0000,0.0217,N/A,N/A,0.4000,4,5,0.13
623,0.5218,1.0000,0.0218,N/A,N/A,0.5000,5,4,0.14
624,0.4643,1.0000,0.0643,N/A,N/A,0.6000,6,5,0.13
625,0.7232,1.0000,0.0232,N/A,N/A,0.3000,3,6,0.12
626,0.4122,1.0000,0.0122,N/A,N/A,0.6000,6,3,0.15
627,0.0241,0.5000,0.0241,N/A,N/A,0.5000,5,3,0.16
628,0.4727,0.7500,0.0227,N/A,N/A,0.3000,3,6,0.17
629,0.2390,0.8000,0.0390,N/A,N/A,0.6000,6,4,0.16
630,0.5709,0.8571,0.0138,N/A,N/A,0.3000,3,6,0.15
631,0.5216,1.0000,0.0216,N/A,N/A,0.5000,5,4,0.16
632,0.5385,0.8000,0.0385,N/A,N/A,0.3000,3,4,0.13
633,0.4113,1.0000,0.0113,N/A,N/A,0.6000,6,4,0.17
634,0.1429,0.3333,0.0095,N/A,N/A,0.2000,2,2,0.16
635,0.2226,1.0000,0.0226,N/A,N/A,0.8000,8,6,0.19
636,0.3176,1.0000,0.0176,N/A,N/A,0.7000,7,8,0.17
637,0.3804,0.8571,0.0233,N/A,N/A,0.5000,5,6,0.15
638,0.5124,1.0000,0.0124,N/A,N/A,0.5000,5,6,0.15
639,0.4219,0.8000,0.0219,N/A,N/A,0.4000,4,4,0.15
640,0.1390,0.8000,0.0390,N/A,N/A,0.7000,7,4,0.16
641,0.3913,0.8750,0.0163,N/A,N/A,0.5000,5,7,0.17
642,0.0941,0.6667,0.0275,N/A,N/A,0.6000,6,4,0.17
643,0.2808,0.7500,0.0308,N/A,N/A,0.5000,5,6,0.16
644,0.4552,1.0000,0.0552,N/A,N/A,0.6000,6,7,0.13
645,0.4533,1.0000,0.0533,N/A,N/A,0.6000,6,6,0.13
646,0.6500,1.0000,0.0500,N/A,N/A,0.4000,4,6,0.13
647,0.3276,1.0000,0.0276,N/A,N/A,0.7000,7,4,0.17
648,0.3341,0.7143,0.0198,N/A,N/A,0.4000,4,5,0.17
649,0.3166,1.0000,0.0166,N/A,N/A,0.7000,7,6,0.16
650,0.2700,0.8571,0.0129,N/A,N/A,0.6000,6,6,0.17
651,0.2406,0.7143,0.0264,N/A,N/A,0.5000,5,5,0.17
652,0.2979,0.8571,0.0407,N/A,N/A,0.6000,6,6,0.15
653,0.1879,0.8571,0.0308,N/A,N/A,0.7000,7,6,0.16
654,0.2910,0.8750,0.0160,N/A,N/A,0.6000,6,7,0.18
655,0.2951,0.5714,0.0236,N/A,N/A,0.3000,3,4,0.16
656,-0.1079,0.1667,0.0254,N/A,N/A,0.3000,3,1,0.17
657,0.0236,0.5000,0.0236,N/A,N/A,0.5000,5,4,0.19
658,0.4035,0.8889,0.0147,N/A,N/A,0.5000,5,8,0.15
659,0.4714,0.8333,0.0380,N/A,N/A,0.4000,4,5,0.13
660,0.2129,1.0000,0.0129,N/A,N/A,0.8000,8,5,0.16
661,0.3251,1.0000,0.0251,N/A,N/A,0.7000,7,8,0.16
662,-0.0661,0.7143,0.0196,N/A,N/A,0.8000,8,5,0.19
663,0.1167,0.5000,0.0167,N/A,N/A,0.4000,4,5,0.19
664,0.0728,0.5556,0.0173,N/A,N/A,0.5000,5,5,0.17
665,0.2976,0.7778,0.0198,N/A,N/A,0.5000,5,7,0.16
666,0.2508,0.7143,0.0366,N/A,N/A,0.5000,5,5,0.16
667,0.1222,1.0000,0.0222,N/A,N/A,0.9000,9,7,0.17
668,0.0020,0.8889,0.0131,N/A,N/A,0.9000,9,8,0.19
669,0.2090,0.6000,0.0090,N/A,N/A,0.4000,4,6,0.18
670,0.2239,1.0000,0.0239,N/A,N/A,0.8000,8,8,0.18
671,0.0300,1.0000,0.0300,N/A,N/A,1.0000,10,8,0.18
672,0.1303,0.7000,0.0303,N/A,N/A,0.6000,6,7,0.17
673,0.3054,0.8889,0.0165,N/A,N/A,0.6000,6,8,0.15
674,0.1815,0.8571,0.0244,N/A,N/A,0.7000,7,6,0.17
675,0.0936,0.8750,0.0186,N/A,N/A,0.8000,8,7,0.18
676,0.0961,0.7778,0.0183,N/A,N/A,0.7000,7,7,0.19
677,-0.0769,0.8889,0.0342,N/A,N/A,1.0000,10,8,0.18
678,0.0173,1.0000,0.0173,N/A,N/A,1.0000,10,11,0.19
679,0.1228,0.5000,0.0228,N/A,N/A,0.4000,4,5,0.16
680,0.2007,0.6667,0.0340,N/A,N/A,0.5000,5,6,0.15
681,0.4642,1.0000,0.0642,N/A,N/A,0.6000,6,8,0.13
682,-0.1378,0.8333,0.0289,N/A,N/A,1.0000,10,5,0.19
683,-0.1404,0.6364,0.0232,N/A,N/A,0.8000,8,7,0.18
684,0.0908,0.6667,0.0241,N/A,N/A,0.6000,6,8,0.19
685,0.2216,0.9000,0.0216,N/A,N/A,0.7000,7,9,0.16
686,0.1193,1.0000,0.0193,N/A,N/A,0.9000,9,8,0.18
687,0.3258,0.7778,0.0480,N/A,N/A,0.5000,5,7,0.16
688,0.2794,0.8571,0.0223,N/A,N/A,0.6000,6,6,0.16
689,0.0339,0.7143,0.0196,N/A,N/A,0.7000,7,5,0.18
690,0.1975,0.7778,0.0197,N/A,N/A,0.6000,6,7,0.18
691,0.4003,0.8750,0.0253,N/A,N/A,0.5000,5,7,0.15
692,0.4913,0.6667,0.0246,N/A,N/A,0.2000,2,4,0.14
693,0.2253,1.0000,0.0253,N/A,N/A,0.8000,8,4,0.16
694,0.4968,0.8750,0.0218,N/A,N/A,0.4000,4,7,0.15
695,0.3264,0.8000,0.0264,N/A,N/A,0.5000,5,4,0.15
696,-0.0367,0.8333,0.0299,N/A,N/A,0.9000,9,5,0.17
697,0.1101,0.7000,0.0101,N/A,N/A,0.6000,6,7,0.19
698,-0.0967,0.7778,0.0256,N/A,N/A,0.9000,9,7,0.18
699,0.0295,0.9091,0.0204,N/A,N/A,0.9000,9,10,0.18
700,0.2169,0.9000,0.0169,N/A,N/A,0.7000,7,9,0.17
701,0.2108,0.8750,0.0358,N/A,N/A,0.7000,7,7,0.15
702,0.6439,1.0000,0.0439,N/A,N/A,0.4000,4,8,0.12
703,0.1183,1.0000,0.0183,N/A,N/A,0.9000,9,4,0.17
704,0.0934,0.7778,0.0157,N/A,N/A,0.7000,7,7,0.20
705,0.1835,0.6667,0.0168,N/A,N/A,0.5000,5,6,0.17
706,0.1028,0.8750,0.0278,N/A,N/A,0.8000,8,7,0.18
707,0.1099,0.7778,0.0321,N/A,N/A,0.7000,7,7,0.15
708,0.1911,0.6667,0.0244,N/A,N/A,0.5000,5,6,0.16
709,0.3071,0.7500,0.0571,N/A,N/A,0.5000,5,6,0.15
710,0.1785,0.8571,0.0213,N/A,N/A,0.7000,7,6,0.20
711,0.0638,0.7500,0.0138,N/A,N/A,0.7000,7,6,0.18
712,0.3062,0.8889,0.0173,N/A,N/A,0.6000,6,8,0.17
713,0.5387,1.0000,0.0387,N/A,N/A,0.5000,5,7,0.15
714,0.3777,1.0000,0.0777,N/A,N/A,0.7000,7,5,0.13
715,0.3318,1.0000,0.0318,N/A,N/A,0.7000,7,7,0.14
716,0.3441,1.0000,0.0441,N/A,N/A,0.7000,7,7,0.14
717,0.2939,0.8571,0.0368,N/A,N/A,0.6000,6,6,0.15
718,0.0496,0.7143,0.0353,N/A,N/A,0.7000,7,5,0.19
719,0.3978,0.6667,0.0312,N/A,N/A,0.3000,3,6,0.17
720,0.5703,0.8333,0.0370,N/A,N/A,0.3000,3,5,0.13
721,0.1805,0.7500,0.0305,N/A,N/A,0.6000,6,3,0.17
722,0.3747,0.8571,0.0176,N/A,N/A,0.5000,5,6,0.15
723,0.3639,0.8333,0.0306,N/A,N/A,0.5000,5,5,0.14
724,0.1546,0.8333,0.0212,N/A,N/A,0.7000,7,5,0.18
725,-0.1499,0.6250,0.0251,N/A,N/A,0.8000,8,5,0.18
726,0.5792,1.0000,0.0792,N/A,N/A,0.5000,5,11,0.12
727,0.0221,0.8000,0.0221,N/A,N/A,0.8000,8,4,0.17
728,0.1808,0.6667,0.0141,N/A,N/A,0.5000,5,6,0.19
729,0.1732,0.7500,0.0232,N/A,N/A,0.6000,6,6,0.18
730,0.2632,0.7500,0.0132,N/A,N/A,0.5000,5,6,0.18
731,0.0291,0.7143,0.0149,N/A,N/A,0.7000,7,5,0.19
732,0.0941,0.6667,0.0274,N/A,N/A,0.6000,6,6,0.19
733,0.0688,0.5556,0.0133,N/A,N/A,0.5000,5,5,0.18
734,0.2671,0.5556,0.0115,N/A,N/A,0.3000,3,5,0.18
735,0.1128,0.5714,0.0414,N/A,N/A,0.5000,5,4,0.15
736,0.4633,0.7500,0.0133,N/A,N/A,0.3000,3,6,0.15
737,0.1223,0.8000,0.0223,N/A,N/A,0.7000,7,4,0.18
738,0.2923,0.8750,0.0173,N/A,N/A,0.6000,6,7,0.17
739,0.2380,0.7143,0.0237,N/A,N/A,0.5000,5,5,0.16
740,0.0356,0.7143,0.0213,N/A,N/A,0.7000,7,5,0.18
741,0.0985,0.8889,0.0096,N/A,N/A,0.8000,8,8,0.20
742,0.2183,1.0000,0.0183,N/A,N/A,0.8000,8,9,0.18
743,0.1132,0.8750,0.0382,N/A,N/A,0.8000,8,7,0.15
744,0.1045,0.7778,0.0267,N/A,N/A,0.7000,7,7,0.18
745,0.0929,0.6667,0.0263,N/A,N/A,0.6000,6,6,0.19
746,0.1849,0.6667,0.0182,N/A,N/A,0.5000,5,6,0.20
747,0.1940,0.8750,0.0190,N/A,N/A,0.7000,7,7,0.19
748,-0.0509,0.6250,0.0241,N/A,N/A,0.7000,7,5,0.19
749,-0.0756,0.7000,0.0244,N/A,N/A,0.8000,8,7,0.21
750,0.1463,0.7273,0.0190,N/A,N/A,0.6000,6,8,0.18
751,-0.1180,0.6667,0.0154,N/A,N/A,0.8000,8,6,0.19
752,-0.1051,0.2727,0.0222,N/A,N/A,0.4000,4,3,0.14
753,-0.0335,0.7500,0.0165,N/A,N/A,0.8000,8,9,0.20
754,-0.1032,0.2727,0.0241,N/A,N/A,0.4000,4,3,0.13
755,0.2368,0.9167,0.0201,N/A,N/A,0.7000,7,11,0.18
756,0.0101,0.5000,0.0101,N/A,N/A,0.5000,5,4,0.21
757,0.2877,0.6667,0.0211,N/A,N/A,0.4000,4,6,0.17
758,0.2864,0.5714,0.0150,N/A,N/A,0.3000,3,4,0.16
759,0.0668,0.8333,0.0335,N/A,N/A,0.8000,8,5,0.17
760,-0.1277,0.5556,0.0167,N/A,N/A,0.7000,7,5,0.21
761,0.1701,0.4545,0.0155,N/A,N/A,0.3000,3,5,0.19
762,0.0037,0.7778,0.0259,N/A,N/A,0.8000,8,7,0.18
763,0.1139,0.9000,0.0139,N/A,N/A,0.8000,8,9,0.20
764,0.2282,0.8889,0.0393,N/A,N/A,0.7000,7,8,0.15
765,0.3229,1.0000,0.0229,N/A,N/A,0.7000,7,8,0.16
766,0.0765,0.8571,0.0193,N/A,N/A,0.8000,8,6,0.19
767,-0.0006,0.7778,0.0217,N/A,N/A,0.8000,8,7,0.19
768,0.5212,0.9000,0.0212,N/A,N/A,0.4000,4,9,0.16
769,0.3287,0.8000,0.0287,N/A,N/A,0.5000,5,4,0.17
770,0.3465,0.8333,0.0132,N/A,N/A,0.5000,5,5,0.18
771,0.5635,1.0000,0.0635,N/A,N/A,0.5000,5,6,0.12
772,0.5119,1.0000,0.0119,N/A,N/A,0.5000,5,5,0.15
773,-0.0770,0.2000,0.0230,N/A,N/A,0.3000,3,1,0.16
774,0.1007,0.5714,0.0293,N/A,N/A,0.5000,5,4,0.18
775,0.2210,1.0000,0.0210,N/A,N/A,0.8000,8,8,0.17
776,0.2783,0.7500,0.0283,N/A,N/A,0.5000,5,6,0.17
777,0.3203,1.0000,0.0203,N/A,N/A,0.7000,7,7,0.17
778,0.2457,0.7143,0.0314,N/A,N/A,0.5000,5,5,0.16
779,0.1316,0.7143,0.0173,N/A,N/A,0.6000,6,5,0.18
780,0.1462,0.6250,0.0212,N/A,N/A,0.5000,5,5,0.18
781,-0.2003,0.3750,0.0247,N/A,N/A,0.6000,6,3,0.18
782,0.2491,0.8182,0.0310,N/A,N/A,0.6000,6,9,0.17
783,-0.0302,0.7500,0.0198,N/A,N/A,0.8000,8,6,0.17
784,0.0177,0.8000,0.0177,N/A,N/A,0.8000,8,8,0.17
785,-0.0812,0.9000,0.0188,N/A,N/A,1.0000,10,9,0.18
786,0.1635,0.6364,0.0272,N/A,N/A,0.5000,5,7,0.18
787,-0.0228,0.5556,0.0216,N/A,N/A,0.6000,6,5,0.19
788,0.2229,0.8000,0.0229,N/A,N/A,0.6000,6,8,0.18
789,0.1405,0.6250,0.0155,N/A,N/A,0.5000,5,5,0.19
790,0.0651,0.7500,0.0151,N/A,N/A,0.7000,7,6,0.18
791,0.0911,0.7778,0.0133,N/A,N/A,0.7000,7,7,0.19
792,0.3019,0.8889,0.0130,N/A,N/A,0.6000,6,8,0.17
793,0.0433,0.7143,0.0290,N/A,N/A,0.7000,7,5,0.16
794,0.1862,0.6667,0.0196,N/A,N/A,0.5000,5,6,0.18
795,-0.0264,0.7500,0.0236,N/A,N/A,0.8000,8,6,0.18
796,0.2118,0.8000,0.0118,N/A,N/A,0.6000,6,8,0.18
797,0.1730,0.7500,0.0230,N/A,N/A,0.6000,6,6,0.16
798,-0.0304,0.7500,0.0196,N/A,N/A,0.8000,8,6,0.21
799,0.1350,0.8000,0.0350,N/A,N/A,0.7000,7,8,0.18
800,0.3916,0.6667,0.0250,N/A,N/A,0.3000,3,6,0.16
801,-0.0062,0.6667,0.0272,N/A,N/A,0.7000,7,4,0.17
802,0.1786,0.6667,0.0119,N/A,N/A,0.5000,5,6,0.17
803,0.0688,0.2500,0.0188,N/A,N/A,0.2000,2,2,0.17
804,0.2751,0.7500,0.0251,N/A,N/A,0.5000,5,6,0.15
805,0.2917,0.8571,0.0345,N/A,N/A,0.6000,6,6,0.16
806,0.3958,0.8571,0.0386,N/A,N/A,0.5000,5,6,0.15
807,0.2912,0.6667,0.0245,N/A,N/A,0.4000,4,4,0.15
808,0.2529,0.8333,0.0196,N/A,N/A,0.6000,6,5,0.18
809,0.1202,1.0000,0.0202,N/A,N/A,0.9000,9,7,0.18
810,0.0006,0.6667,0.0339,N/A,N/A,0.7000,7,6,0.17
811,0.2196,0.8000,0.0196,N/A,N/A,0.6000,6,8,0.17
812,0.0313,0.5000,0.0313,N/A,N/A,0.5000,5,4,0.17
813,0.2202,0.8889,0.0313,N/A,N/A,0.7000,7,8,0.17
814,0.3854,0.8750,0.0104,N/A,N/A,0.5000,5,7,0.16
815,0.3309,1.0000,0.0309,N/A,N/A,0.7000,7,6,0.15
816,0.3206,1.0000,0.0206,N/A,N/A,0.7000,7,7,0.17
817,0.1336,1.0000,0.0336,N/A,N/A,0.9000,9,7,0.18
818,-0.0054,0.7778,0.0168,N/A,N/A,0.8000,8,7,0.18
819,0.1294,0.8000,0.0294,N/A,N/A,0.7000,7,8,0.16
820,0.2211,1.0000,0.0211,N/A,N/A,0.8000,8,9,0.17
821,0.3676,0.7500,0.0176,N/A,N/A,0.4000,4,6,0.14
822,0.0519,0.8333,0.0186,N/A,N/A,0.8000,8,5,0.18
823,0.1244,1.0000,0.0244,N/A,N/A,0.9000,9,9,0.18
824,0.2758,0.6667,0.0091,N/A,N/A,0.4000,4,6,0.18
825,0.2804,0.8571,0.0232,N/A,N/A,0.6000,6,6,0.17
826,-0.0118,0.8571,0.0311,N/A,N/A,0.9000,9,6,0.18
827,0.3223,0.9000,0.0223,N/A,N/A,0.6000,6,9,0.14
828,0.3312,1.0000,0.0312,N/A,N/A,0.7000,7,7,0.16
829,0.0287,0.7143,0.0144,N/A,N/A,0.7000,7,5,0.19
830,0.0777,0.5556,0.0222,N/A,N/A,0.5000,5,5,0.17
831,0.1863,0.7778,0.0085,N/A,N/A,0.6000,6,7,0.17
832,0.1835,0.7500,0.0335,N/A,N/A,0.6000,6,6,0.16
833,0.1514,0.6250,0.0264,N/A,N/A,0.5000,5,5,0.17
834,0.1897,0.7500,0.0397,N/A,N/A,0.6000,6,6,0.14
835,0.2963,0.8750,0.0213,N/A,N/A,0.6000,6,7,0.16
836,0.1862,0.8571,0.0291,N/A,N/A,0.7000,7,6,0.17
837,-0.0284,0.7500,0.0216,N/A,N/A,0.8000,8,6,0.19
838,0.4083,0.6000,0.0083,N/A,N/A,0.2000,2,6,0.17
839,-0.2472,0.3333,0.0195,N/A,N/A,0.6000,6,2,0.18
840,0.4327,0.7000,0.0327,N/A,N/A,0.3000,3,7,0.15
841,0.2558,0.8333,0.0224,N/A,N/A,0.6000,6,5,0.17
842,0.1414,0.7143,0.0271,N/A,N/A,0.6000,6,5,0.16
843,0.2649,0.7500,0.0149,N/A,N/A,0.5000,5,6,0.17
844,-0.0701,0.7143,0.0156,N/A,N/A,0.8000,8,5,0.20
845,0.3094,0.8000,0.0094,N/A,N/A,0.5000,5,8,0.18
846,0.2913,0.5714,0.0198,N/A,N/A,0.3000,3,4,0.17
847,0.1626,0.8333,0.0293,N/A,N/A,0.7000,7,5,0.17
848,0.5206,0.8750,0.0456,N/A,N/A,0.4000,4,7,0.13
849,0.3342,1.0000,0.0342,N/A,N/A,0.7000,7,5,0.15
850,0.2062,0.5714,0.0347,N/A,N/A,0.4000,4,4,0.16
851,-0.0170,0.8571,0.0259,N/A,N/A,0.9000,9,6,0.19
852,0.2160,0.8000,0.0160,N/A,N/A,0.6000,6,8,0.17
853,0.0899,0.3750,0.0149,N/A,N/A,0.3000,3,3,0.18
854,0.1986,0.8750,0.0236,N/A,N/A,0.7000,7,7,0.16
855,0.5272,1.0000,0.0272,N/A,N/A,0.5000,5,8,0.14
856,0.3510,1.0000,0.0510,N/A,N/A,0.7000,7,5,0.14
857,-0.1523,0.7143,0.0334,N/A,N/A,0.9000,9,5,0.18
858,0.0650,0.7273,0.0377,N/A,N/A,0.7000,7,8,0.19
859,0.0275,0.7000,0.0275,N/A,N/A,0.7000,7,7,0.18
860,0.2240,0.7000,0.0240,N/A,N/A,0.5000,5,7,0.16
861,0.2286,1.0000,0.0286,N/A,N/A,0.8000,8,8,0.18
862,0.4193,0.8750,0.0443,N/A,N/A,0.5000,5,7,0.15
863,-0.0571,0.5000,0.0429,N/A,N/A,0.6000,6,3,0.17
864,0.1206,0.8889,0.0317,N/A,N/A,0.8000,8,8,0.18
865,-0.3335,0.5556,0.0110,N/A,N/A,0.9000,9,5,0.20
866,-0.0255,0.4615,0.0129,N/A,N/A,0.5000,5,6,0.22
867,0.1112,0.5000,0.0112,N/A,N/A,0.4000,4,6,0.19
868,-0.1804,0.5000,0.0196,N/A,N/A,0.7000,7,5,0.20
869,0.1288,0.9167,0.0122,N/A,N/A,0.8000,8,11,0.18
870,-0.0059,0.6667,0.0274,N/A,N/A,0.7000,7,6,0.19
871,-0.0777,0.6000,0.0223,N/A,N/A,0.7000,7,6,0.20
872,-0.2292,0.5455,0.0253,N/A,N/A,0.8000,8,6,0.22
873,0.1626,0.8462,0.0165,N/A,N/A,0.7000,7,11,0.19
874,0.0663,0.5556,0.0108,N/A,N/A,0.5000,5,5,0.19
875,0.0007,0.7778,0.0229,N/A,N/A,0.8000,8,7,0.18
876,0.1162,0.8000,0.0162,N/A,N/A,0.7000,7,8,0.16
877,0.1255,1.0000,0.0255,N/A,N/A,0.9000,9,9,0.16
878,-0.1078,0.7778,0.0144,N/A,N/A,0.9000,9,7,0.19
879,0.0408,0.7273,0.0135,N/A,N/A,0.7000,7,8,0.20
880,-0.0785,0.5000,0.0215,N/A,N/A,0.6000,6,5,0.21
881,-0.1775,1.0000,0.0225,N/A,N/A,1.2000,12,11,0.20
882,-0.0139,0.6667,0.0195,N/A,N/A,0.7000,7,8,0.19
883,0.0606,0.7273,0.0334,N/A,N/A,0.7000,7,8,0.18
884,0.0198,0.9000,0.0198,N/A,N/A,0.9000,9,9,0.18
885,-0.0854,0.3000,0.0146,N/A,N/A,0.4000,4,3,0.21
886,-0.2292,0.4545,0.0162,N/A,N/A,0.7000,7,5,0.22
887,0.1022,0.6923,0.0099,N/A,N/A,0.6000,6,9,0.21
888,-0.1798,0.8000,0.0202,N/A,N/A,1.0000,10,8,0.20
889,0.1407,0.8333,0.0074,N/A,N/A,0.7000,7,10,0.19
890,0.1024,0.7778,0.0246,N/A,N/A,0.7000,7,7,0.16
891,0.1218,0.8889,0.0329,N/A,N/A,0.8000,8,8,0.15
892,-0.0915,0.8889,0.0196,N/A,N/A,1.0000,10,8,0.20
893,-0.0598,0.7273,0.0129,N/A,N/A,0.8000,8,8,0.21
894,0.0332,0.8182,0.0151,N/A,N/A,0.8000,8,9,0.21
895,0.1241,0.8000,0.0241,N/A,N/A,0.7000,7,8,0.19
896,-0.0064,0.6667,0.0269,N/A,N/A,0.7000,7,6,0.18
897,-0.1801,0.8000,0.0199,N/A,N/A,1.0000,10,8,0.19
898,-0.1056,0.6667,0.0277,N/A,N/A,0.8000,8,8,0.19
899,0.1103,0.5000,0.0103,N/A,N/A,0.4000,4,6,0.21
900,-0.0745,0.6000,0.0255,N/A,N/A,0.7000,7,6,0.20
901,-0.0332,0.5455,0.0213,N/A,N/A,0.6000,6,6,0.20
902,0.1330,0.8182,0.0148,N/A,N/A,0.7000,7,9,0.19
903,0.0264,1.0000,0.0264,N/A,N/A,1.0000,10,9,0.18
904,0.1327,0.8000,0.0327,N/A,N/A,0.7000,7,8,0.16
905,0.1006,0.7778,0.0228,N/A,N/A,0.7000,7,7,0.18
906,-0.0016,0.6667,0.0318,N/A,N/A,0.7000,7,6,0.20
907,0.0089,0.7000,0.0089,N/A,N/A,0.7000,7,7,0.21
908,-0.0886,0.6000,0.0114,N/A,N/A,0.7000,7,6,0.21
909,0.0510,0.7273,0.0237,N/A,N/A,0.7000,7,8,0.19
910,0.2264,0.8000,0.0264,N/A,N/A,0.6000,6,8,0.17
911,0.0573,0.6250,0.0323,N/A,N/A,0.6000,6,5,0.17
912,0.3030,0.8889,0.0141,N/A,N/A,0.6000,6,8,0.17
913,0.1152,1.0000,0.0152,N/A,N/A,0.9000,9,7,0.17
914,-0.0989,0.8889,0.0122,N/A,N/A,1.0000,10,8,0.20
915,0.0648,0.5455,0.0194,N/A,N/A,0.5000,5,6,0.20
916,0.1143,0.8000,0.0143,N/A,N/A,0.7000,7,8,0.20
917,-0.2227,0.5556,0.0217,N/A,N/A,0.8000,8,5,0.18
918,0.2817,0.7500,0.0317,N/A,N/A,0.5000,5,9,0.17
919,0.2101,1.0000,0.0101,N/A,N/A,0.8000,8,8,0.17
920,-0.2074,0.8750,0.0176,N/A,N/A,1.1000,11,7,0.21
921,-0.1916,0.5833,0.0250,N/A,N/A,0.8000,8,7,0.20
922,0.0370,0.6154,0.0217,N/A,N/A,0.6000,6,8,0.19
923,0.0574,0.6364,0.0210,N/A,N/A,0.6000,6,7,0.19
924,-0.0857,0.6000,0.0143,N/A,N/A,0.7000,7,6,0.19
925,0.0529,0.6364,0.0165,N/A,N/A,0.6000,6,7,0.17
926,0.0292,0.6000,0.0292,N/A,N/A,0.6000,6,6,0.17
927,0.0170,0.5000,0.0170,N/A,N/A,0.5000,5,5,0.21
928,-0.1658,0.7000,0.0342,N/A,N/A,0.9000,9,7,0.19
929,-0.0525,0.8333,0.0142,N/A,N/A,0.9000,9,10,0.20
930,-0.0358,0.5455,0.0187,N/A,N/A,0.6000,6,6,0.18
931,-0.1569,0.8182,0.0249,N/A,N/A,1.0000,10,9,0.19
932,0.1488,0.9167,0.0321,N/A,N/A,0.8000,8,11,0.17
933,0.0064,0.8889,0.0175,N/A,N/A,0.9000,9,8,0.18
934,-0.2904,0.8000,0.0096,N/A,N/A,1.1000,11,8,0.22
935,-0.0488,0.2308,0.0205,N/A,N/A,0.3000,3,3,0.20
936,0.0380,0.6154,0.0226,N/A,N/A,0.6000,6,8,0.20
937,0.1392,0.8182,0.0210,N/A,N/A,0.7000,7,9,0.21
938,0.1778,0.6667,0.0111,N/A,N/A,0.5000,5,6,0.18
939,0.3132,0.8750,0.0382,N/A,N/A,0.6000,6,7,0.16
940,0.3074,0.5714,0.0360,N/A,N/A,0.3000,3,4,0.14
941,0.3449,0.8333,0.0116,N/A,N/A,0.5000,5,5,0.17
942,0.0151,1.0000,0.0151,N/A,N/A,1.0000,10,6,0.21
943,0.1110,0.8000,0.0110,N/A,N/A,0.7000,7,8,0.20
944,0.2026,0.8889,0.0137,N/A,N/A,0.7000,7,8,0.18
945,0.0212,1.0000,0.0212,N/A,N/A,1.0000,10,8,0.19
946,0.2349,0.9000,0.0349,N/A,N/A,0.7000,7,9,0.17
947,0.0163,0.8750,0.0413,N/A,N/A,0.9000,9,7,0.17
948,0.2163,0.8000,0.0163,N/A,N/A,0.6000,6,8,0.17
949,0.1161,1.0000,0.0161,N/A,N/A,0.9000,9,8,0.19
950,0.0935,0.7778,0.0158,N/A,N/A,0.7000,7,7,0.18
951,0.0888,0.7778,0.0110,N/A,N/A,0.7000,7,7,0.18
952,0.0853,0.6667,0.0186,N/A,N/A,0.6000,6,6,0.19
953,0.3121,0.8889,0.0232,N/A,N/A,0.6000,6,8,0.16
954,0.2892,0.8571,0.0320,N/A,N/A,0.6000,6,6,0.14
955,-0.0637,0.7143,0.0220,N/A,N/A,0.8000,8,5,0.18
956,0.3147,0.8000,0.0147,N/A,N/A,0.5000,5,8,0.17
957,0.3342,0.7143,0.0200,N/A,N/A,0.4000,4,5,0.17
958,-0.0098,0.6667,0.0235,N/A,N/A,0.7000,7,4,0.18
959,0.1001,0.7778,0.0223,N/A,N/A,0.7000,7,7,0.17
960,0.1130,0.5556,0.0575,N/A,N/A,0.5000,5,5,0.18
961,0.3752,0.6667,0.0086,N/A,N/A,0.3000,3,6,0.17
962,0.1162,0.5000,0.0162,N/A,N/A,0.4000,4,3,0.18
963,-0.1560,0.4286,0.0154,N/A,N/A,0.6000,6,3,0.19
964,0.1407,1.0000,0.0407,N/A,N/A,0.9000,9,10,0.16
965,-0.0001,0.7778,0.0221,N/A,N/A,0.8000,8,7,0.20
966,-0.0826,0.8000,0.0174,N/A,N/A,0.9000,9,8,0.20
967,0.1684,0.6364,0.0320,N/A,N/A,0.5000,5,7,0.16
968,0.1307,0.8889,0.0418,N/A,N/A,0.8000,8,8,0.16
969,-0.0812,0.8889,0.0299,N/A,N/A,1.0000,10,8,0.20
970,0.1477,0.6364,0.0113,N/A,N/A,0.5000,5,7,0.19
971,0.0557,0.4444,0.0113,N/A,N/A,0.4000,4,4,0.19
972,0.0881,0.7778,0.0103,N/A,N/A,0.7000,7,7,0.20
973,-0.0085,0.6667,0.0248,N/A,N/A,0.7000,7,6,0.19
974,0.1269,0.7000,0.0269,N/A,N/A,0.6000,6,7,0.17
975,0.3090,0.8889,0.0201,N/A,N/A,0.6000,6,8,0.15
976,0.5159,1.0000,0.0159,N/A,N/A,0.5000,5,7,0.16
977,-0.1859,0.6000,0.0141,N/A,N/A,0.8000,8,3,0.20
978,0.0115,0.5000,0.0115,N/A,N/A,0.5000,5,5,0.19
979,0.1215,0.6000,0.0215,N/A,N/A,0.5000,5,6,0.22
980,0.1693,0.5556,0.0138,N/A,N/A,0.4000,4,5,0.19
981,0.4868,0.8750,0.0118,N/A,N/A,0.4000,4,7,0.17
982,0.2205,0.8000,0.0205,N/A,N/A,0.6000,6,4,0.17
983,0.3342,0.7143,0.0199,N/A,N/A,0.4000,4,5,0.17
984,-0.1103,0.6667,0.0231,N/A,N/A,0.8000,8,4,0.19
985,0.1210,0.7000,0.0210,N/A,N/A,0.6000,6,7,0.19
986,0.1059,0.7778,0.0282,N/A,N/A,0.7000,7,7,0.18
987,0.1937,0.6667,0.0271,N/A,N/A,0.5000,5,6,0.17
988,0.3907,0.8750,0.0157,N/A,N/A,0.5000,5,7,0.17
989,0.1908,0.6667,0.0242,N/A,N/A,0.5000,5,4,0.16
990,-0.0611,0.7143,0.0246,N/A,N/A,0.8000,8,5,0.18
991,-0.0774,0.7000,0.0226,N/A,N/A,0.8000,8,7,0.21
992,0.0605,0.5455,0.0151,N/A,N/A,0.5000,5,6,0.20
993,0.1121,0.6000,0.0121,N/A,N/A,0.5000,5,6,0.21
994,-0.2343,0.4444,0.0212,N/A,N/A,0.7000,7,4,0.20
995,0.0998,0.6667,0.0332,N/A,N/A,0.6000,6,8,0.17
996,0.2381,0.8000,0.0381,N/A,N/A,0.6000,6,8,0.17
997,-0.1646,0.6250,0.0104,N/A,N/A,0.8000,8,5,0.20
998,0.0448,0.6364,0.0084,N/A,N/A,0.6000,6,7,0.20
999,-0.1737,0.3000,0.0263,N/A,N/A,0.5000,5,3,0.20
1000,0.0382,0.4167,0.0216,N/A,N/A,0.4000,4,5,0.19
1001,0.2502,0.6364,0.0138,N/A,N/A,0.4000,4,7,0.16
1002,0.2744,0.7500,0.0244,N/A,N/A,0.5000,5,6,0.15
1003,0.1467,0.7143,0.0324,N/A,N/A,0.6000,6,5,0.16
1004,0.1945,0.8750,0.0195,N/A,N/A,0.7000,7,7,0.19
1005,0.0226,0.5000,0.0226,N/A,N/A,0.5000,5,4,0.19
1006,0.1924,0.7778,0.0146,N/A,N/A,0.6000,6,7,0.18
1007,-0.1450,0.6250,0.0300,N/A,N/A,0.8000,8,5,0.19
1008,0.0548,0.7273,0.0275,N/A,N/A,0.7000,7,8,0.19
1009,-0.0773,0.7000,0.0227,N/A,N/A,0.8000,8,7,0.19
1010,0.4169,1.0000,0.0169,N/A,N/A,0.6000,6,11,0.17
1011,0.1444,0.8333,0.0110,N/A,N/A,0.7000,7,5,0.20
1012,0.0248,0.5000,0.0248,N/A,N/A,0.5000,5,4,0.18
1013,-0.0107,0.6667,0.0226,N/A,N/A,0.7000,7,6,0.20
1014,0.0134,0.8000,0.0134,N/A,N/A,0.8000,8,8,0.24
1015,0.0376,0.7000,0.0376,N/A,N/A,0.7000,7,7,0.18
1016,0.0326,0.7000,0.0326,N/A,N/A,0.7000,7,7,0.18
1017,0.1420,0.8000,0.0420,N/A,N/A,0.7000,7,8,0.16
1018,-0.2842,1.0000,0.0158,N/A,N/A,1.3000,13,9,0.21
1019,0.2127,0.6923,0.0204,N/A,N/A,0.5000,5,9,0.21
1020,-0.1398,0.4444,0.0157,N/A,N/A,0.6000,6,4,0.20
1021,0.0590,0.5455,0.0135,N/A,N/A,0.5000,5,6,0.20
1022,0.1272,0.9000,0.0272,N/A,N/A,0.8000,8,9,0.18
1023,0.1241,1.0000,0.0241,N/A,N/A,0.9000,9,9,0.18
1024,-0.3989,0.7778,0.0233,N/A,N/A,1.2000,12,7,0.19
1025,0.1361,0.9286,0.0075,N/A,N/A,0.8000,8,13,0.19
1026,-0.1994,0.7778,0.0229,N/A,N/A,1.0000,10,7,0.21
1027,-0.0508,0.8333,0.0159,N/A,N/A,0.9000,9,10,0.20
1028,0.0401,0.8182,0.0219,N/A,N/A,0.8000,8,9,0.19
1029,-0.0901,0.6000,0.0099,N/A,N/A,0.7000,7,6,0.17
1030,0.2597,0.7273,0.0324,N/A,N/A,0.5000,5,8,0.16
1031,0.1974,0.8750,0.0224,N/A,N/A,0.7000,7,7,0.17
1032,-0.3401,0.7500,0.0099,N/A,N/A,1.1000,11,6,0.22
1033,0.0313,0.6154,0.0159,N/A,N/A,0.6000,6,8,0.21
1034,-0.1369,0.7273,0.0358,N/A,N/A,0.9000,9,8,0.18
1035,-0.0460,0.8333,0.0206,N/A,N/A,0.9000,9,10,0.19
1036,0.0386,0.8182,0.0204,N/A,N/A,0.8000,8,9,0.19
1037,-0.0691,0.8000,0.0309,N/A,N/A,0.9000,9,8,0.19
1038,0.1390,0.8182,0.0208,N/A,N/A,0.7000,7,9,0.20
1039,-0.0971,0.8889,0.0140,N/A,N/A,1.0000,10,8,0.22
1040,0.1464,0.7273,0.0191,N/A,N/A,0.6000,6,8,0.19
1041,-0.2128,0.5556,0.0317,N/A,N/A,0.8000,8,5,0.19
1042,-0.0109,0.6667,0.0224,N/A,N/A,0.7000,7,8,0.20
1043,0.0354,0.8182,0.0172,N/A,N/A,0.8000,8,9,0.19
1044,0.2381,0.7000,0.0381,N/A,N/A,0.5000,5,7,0.16
1045,-0.0317,0.7500,0.0183,N/A,N/A,0.8000,8,6,0.18
1046,-0.2832,0.9000,0.0168,N/A,N/A,1.2000,12,9,0.22
1047,-0.1892,0.6923,0.0185,N/A,N/A,0.9000,9,9,0.21
1048,-0.1620,0.6154,0.0227,N/A,N/A,0.8000,8,8,0.22
1049,0.1134,0.6923,0.0211,N/A,N/A,0.6000,6,9,0.20
1050,-0.0844,0.5000,0.0156,N/A,N/A,0.6000,6,5,0.19
1051,-0.0504,0.8182,0.0314,N/A,N/A,0.9000,9,9,0.19
1052,0.1337,0.9091,0.0246,N/A,N/A,0.8000,8,10,0.18
1053,-0.4247,0.5556,0.0197,N/A,N/A,1.0000,10,5,0.23
1054,0.0797,0.8571,0.0225,N/A,N/A,0.8000,8,12,0.20
1055,0.1153,0.8000,0.0153,N/A,N/A,0.7000,7,8,0.19
1056,0.2263,0.7778,0.0486,N/A,N/A,0.6000,6,7,0.15
1057,-0.0359,0.7500,0.0141,N/A,N/A,0.8000,8,6,0.19
1058,0.1153,0.8000,0.0153,N/A,N/A,0.7000,7,8,0.18
1059,-0.0247,0.5556,0.0197,N/A,N/A,0.6000,6,5,0.18
1060,0.0179,0.9000,0.0179,N/A,N/A,0.9000,9,9,0.20
1061,-0.0813,0.6000,0.0187,N/A,N/A,0.7000,7,6,0.21
1062,0.0482,0.6364,0.0118,N/A,N/A,0.6000,6,7,0.20
1063,-0.1745,0.4000,0.0255,N/A,N/A,0.6000,6,4,0.19
1064,0.2327,0.9167,0.0160,N/A,N/A,0.7000,7,11,0.18
1065,0.1705,0.7500,0.0205,N/A,N/A,0.6000,6,6,0.18
1066,0.0762,0.7500,0.0262,N/A,N/A,0.7000,7,6,0.18
1067,0.0899,0.7778,0.0121,N/A,N/A,0.7000,7,7,0.20
1068,-0.2002,0.7778,0.0220,N/A,N/A,1.0000,10,7,0.21
1069,-0.0174,0.6667,0.0160,N/A,N/A,0.7000,7,8,0.20
1070,0.0292,0.9091,0.0202,N/A,N/A,0.9000,9,10,0.18
1071,-0.0858,0.6000,0.0142,N/A,N/A,0.7000,7,6,0.19
1072,0.2329,0.8182,0.0147,N/A,N/A,0.6000,6,9,0.18
1073,0.1041,0.8750,0.0291,N/A,N/A,0.8000,8,7,0.16
1074,0.0604,0.4444,0.0159,N/A,N/A,0.4000,4,4,0.19
1075,0.0595,0.4444,0.0150,N/A,N/A,0.4000,4,4,0.19
1076,-0.0528,0.3333,0.0139,N/A,N/A,0.4000,4,3,0.19
1077,-0.1767,0.6000,0.0233,N/A,N/A,0.8000,8,6,0.21
1078,-0.0288,0.7500,0.0212,N/A,N/A,0.8000,8,9,0.22
1079,-0.0260,0.5455,0.0285,N/A,N/A,0.6000,6,6,0.18
1080,-0.0652,0.8182,0.0166,N/A,N/A,0.9000,9,9,0.19
1081,-0.2277,0.5455,0.0269,N/A,N/A,0.8000,8,6,0.22
1082,-0.0651,0.6154,0.0195,N/A,N/A,0.7000,7,8,0.22
1083,0.0436,0.4167,0.0269,N/A,N/A,0.4000,4,5,0.22
1084,-0.2375,0.6364,0.0261,N/A,N/A,0.9000,9,7,0.21
1085,0.0800,0.7692,0.0107,N/A,N/A,0.7000,7,10,0.19
1086,-0.1777,0.7000,0.0223,N/A,N/A,0.9000,9,7,0.19
1087,0.1729,0.7500,0.0229,N/A,N/A,0.6000,6,9,0.19
1088,-0.2245,0.5556,0.0199,N/A,N/A,0.8000,8,5,0.22
1089,-0.0010,0.5833,0.0157,N/A,N/A,0.6000,6,7,0.21
1090,-0.3384,0.6364,0.0253,N/A,N/A,1.0000,10,7,0.24
1091,0.0337,0.7143,0.0195,N/A,N/A,0.7000,7,10,0.22
1092,0.1656,0.4545,0.0111,N/A,N/A,0.3000,3,5,0.22
1093,-0.0211,0.5556,0.0233,N/A,N/A,0.6000,6,5,0.22
1094,-0.0803,0.5000,0.0197,N/A,N/A,0.6000,6,5,0.20
1095,-0.1345,0.5455,0.0200,N/A,N/A,0.7000,7,6,0.24
1096,-0.3335,0.2500,0.0165,N/A,N/A,0.6000,6,3,0.23
1097,-0.1443,0.3333,0.0224,N/A,N/A,0.5000,5,5,0.25
1098,-0.1768,0.4000,0.0232,N/A,N/A,0.6000,6,6,0.25
1099,-0.1785,0.6000,0.0215,N/A,N/A,0.8000,8,9,0.23
1100,-0.3416,0.6429,0.0155,N/A,N/A,1.0000,10,9,0.24
1101,-0.0208,0.4667,0.0125,N/A,N/A,0.5000,5,7,0.23
1102,-0.6352,0.5385,0.0264,N/A,N/A,1.2000,12,7,0.25
1103,0.1072,0.3889,0.0183,N/A,N/A,0.3000,3,7,0.23
1104,0.0841,0.5714,0.0127,N/A,N/A,0.5000,5,8,0.23
1105,-0.1165,0.3636,0.0199,N/A,N/A,0.5000,5,4,0.21
1106,-0.8104,0.1667,0.0230,N/A,N/A,1.0000,10,2,0.30
1107,0.2158,0.3000,0.0158,N/A,N/A,0.1000,1,6,0.26
1108,0.2502,0.7333,0.0168,N/A,N/A,0.5000,5,11,0.19
1109,-0.0839,1.0000,0.0161,N/A,N/A,1.1000,11,9,0.18
1110,-0.3360,0.5455,0.0186,N/A,N/A,0.9000,9,6,0.23
1111,-0.2060,0.5714,0.0225,N/A,N/A,0.8000,8,8,0.27
1112,0.0848,0.5714,0.0134,N/A,N/A,0.5000,5,8,0.25
1113,-0.4011,0.1818,0.0170,N/A,N/A,0.6000,6,2,0.25
1114,-0.1188,0.4667,0.0145,N/A,N/A,0.6000,6,7,0.25
1115,-0.3212,0.3571,0.0217,N/A,N/A,0.7000,7,5,0.24
1116,-0.0767,0.5000,0.0233,N/A,N/A,0.6000,6,8,0.22
1117,0.0137,0.5000,0.0137,N/A,N/A,0.5000,5,7,0.23
1118,-0.3520,0.3333,0.0147,N/A,N/A,0.7000,7,4,0.26
1119,-0.0211,0.2667,0.0123,N/A,N/A,0.3000,3,4,0.25
1120,-0.1256,0.3571,0.0173,N/A,N/A,0.5000,5,5,0.24
1121,-0.0306,0.3571,0.0123,N/A,N/A,0.4000,4,5,0.23
1122,-0.1952,0.3846,0.0202,N/A,N/A,0.6000,6,5,0.21
1123,-0.1816,0.5000,0.0184,N/A,N/A,0.7000,7,7,0.21
1124,0.0892,0.5714,0.0177,N/A,N/A,0.5000,5,8,0.21
1125,-0.5416,0.6364,0.0221,N/A,N/A,1.2000,12,7,0.23
1126,0.1310,0.3125,0.0185,N/A,N/A,0.2000,2,5,0.26
1127,-0.2230,0.4615,0.0155,N/A,N/A,0.7000,7,6,0.24
1128,-0.1076,0.5714,0.0209,N/A,N/A,0.7000,7,8,0.23
1129,-0.1528,0.5385,0.0087,N/A,N/A,0.7000,7,7,0.22
1130,0.0194,0.6923,0.0271,N/A,N/A,0.7000,7,9,0.21
1131,-0.1658,0.8182,0.0161,N/A,N/A,1.0000,10,9,0.22
1132,-0.1675,0.4167,0.0158,N/A,N/A,0.6000,6,5,0.24
1133,-0.3212,0.4615,0.0172,N/A,N/A,0.8000,8,6,0.22
1134,-0.2855,0.6000,0.0145,N/A,N/A,0.9000,9,9,0.23
1135,-0.3827,0.6000,0.0173,N/A,N/A,1.0000,10,9,0.25
1136,-0.1838,0.5000,0.0162,N/A,N/A,0.7000,7,8,0.24
1137,-0.0150,0.6667,0.0184,N/A,N/A,0.7000,7,10,0.21
1138,-0.1680,0.4167,0.0154,N/A,N/A,0.6000,6,5,0.21
1139,-0.1579,0.6154,0.0267,N/A,N/A,0.8000,8,8,0.22
1140,-0.2655,0.6154,0.0192,N/A,N/A,0.9000,9,8,0.24
1141,-0.4234,0.3571,0.0194,N/A,N/A,0.8000,8,5,0.26
1142,0.1898,0.4706,0.0192,N/A,N/A,0.3000,3,8,0.25
1143,-0.1029,0.5833,0.0138,N/A,N/A,0.7000,7,7,0.24
1144,-0.1044,0.5833,0.0122,N/A,N/A,0.7000,7,7,0.20
1145,-0.3400,0.8333,0.0266,N/A,N/A,1.2000,12,10,0.24
1146,-0.1857,0.5000,0.0143,N/A,N/A,0.7000,7,7,0.23
1147,-0.2084,0.5714,0.0201,N/A,N/A,0.8000,8,8,0.23
1148,-0.3642,0.7143,0.0215,N/A,N/A,1.1000,11,10,0.25
1149,0.0208,0.4000,0.0208,N/A,N/A,0.4000,4,6,0.24
1150,-0.0984,0.3846,0.0170,N/A,N/A,0.5000,5,5,0.22
1151,-0.1473,0.5385,0.0142,N/A,N/A,0.7000,7,7,0.21
1152,0.0040,0.6923,0.0117,N/A,N/A,0.7000,7,9,0.21
1153,-0.3446,0.6364,0.0191,N/A,N/A,1.0000,10,7,0.24
1154,-0.0719,0.5000,0.0281,N/A,N/A,0.6000,6,7,0.22
1155,-0.0204,0.4615,0.0181,N/A,N/A,0.5000,5,6,0.22
1156,-0.0881,0.5000,0.0119,N/A,N/A,0.6000,6,6,0.23
1157,-0.1996,0.5833,0.0170,N/A,N/A,0.8000,8,7,0.22
1158,-0.0228,0.7692,0.0079,N/A,N/A,0.8000,8,10,0.21
1159,-0.2622,0.8182,0.0196,N/A,N/A,1.1000,11,9,0.21
1160,-0.2950,0.3846,0.0204,N/A,N/A,0.7000,7,5,0.27
1161,-0.1778,0.6000,0.0222,N/A,N/A,0.8000,8,9,0.24
1162,-0.0206,0.3571,0.0223,N/A,N/A,0.4000,4,5,0.24
1163,-0.2443,0.5385,0.0173,N/A,N/A,0.8000,8,7,0.24
1164,-0.2184,0.3571,0.0245,N/A,N/A,0.6000,6,5,0.23
1165,0.2071,0.6000,0.0071,N/A,N/A,0.4000,4,9,0.20
1166,0.1142,0.7000,0.0142,N/A,N/A,0.6000,6,7,0.21
1167,-0.4295,0.5556,0.0149,N/A,N/A,1.0000,10,5,0.24
1168,-0.2235,0.3571,0.0194,N/A,N/A,0.6000,6,5,0.26
1169,0.0456,0.5333,0.0122,N/A,N/A,0.5000,5,8,0.23
1170,-0.1841,0.5000,0.0159,N/A,N/A,0.7000,7,6,0.23
1171,-0.0440,0.5385,0.0175,N/A,N/A,0.6000,6,7,0.21
1172,-0.1141,0.6667,0.0192,N/A,N/A,0.8000,8,8,0.22
1173,0.0792,0.7500,0.0292,N/A,N/A,0.7000,7,9,0.20
1174,-0.3774,0.6000,0.0226,N/A,N/A,1.0000,10,6,0.22
1175,0.1269,0.7143,0.0126,N/A,N/A,0.6000,6,10,0.20
1176,0.1211,0.8000,0.0211,N/A,N/A,0.7000,7,8,0.17
1177,-0.2021,0.7778,0.0201,N/A,N/A,1.0000,10,7,0.23
1178,-0.0519,0.8333,0.0148,N/A,N/A,0.9000,9,10,0.21
1179,-0.0503,0.6364,0.0133,N/A,N/A,0.7000,7,7,0.20
1180,-0.5379,0.5455,0.0166,N/A,N/A,1.1000,11,6,0.26
1181,-0.0486,0.4375,0.0139,N/A,N/A,0.5000,5,7,0.24
1182,-0.7482,0.4286,0.0232,N/A,N/A,1.2000,12,6,0.28
1183,0.1258,0.6000,0.0258,N/A,N/A,0.5000,5,12,0.22
1184,-0.1427,0.5385,0.0188,N/A,N/A,0.7000,7,7,0.21
1185,0.1072,0.6923,0.0149,N/A,N/A,0.6000,6,9,0.20
1186,0.0333,0.6000,0.0333,N/A,N/A,0.6000,6,6,0.19
1187,-0.2854,0.5000,0.0146,N/A,N/A,0.8000,8,5,0.23
1188,-0.1252,0.4615,0.0133,N/A,N/A,0.6000,6,6,0.24
1189,-0.2772,0.3077,0.0151,N/A,N/A,0.6000,6,4,0.25
1190,-0.2344,0.5333,0.0322,N/A,N/A,0.8000,8,8,0.22
1191,-0.1704,0.6000,0.0296,N/A,N/A,0.8000,8,9,0.22
1192,0.0674,0.6429,0.0246,N/A,N/A,0.6000,6,9,0.21
1193,0.0396,0.7273,0.0123,N/A,N/A,0.7000,7,8,0.21
1194,-0.2850,0.6000,0.0150,N/A,N/A,0.9000,9,6,0.23
1195,-0.1895,0.6923,0.0182,N/A,N/A,0.9000,9,9,0.23
1196,0.0223,0.3077,0.0146,N/A,N/A,0.3000,3,4,0.23
1197,-0.0824,0.5000,0.0176,N/A,N/A,0.6000,6,6,0.20
1198,-0.0274,0.7500,0.0226,N/A,N/A,0.8000,8,9,0.21
1199,-0.1408,0.6364,0.0229,N/A,N/A,0.8000,8,7,0.19
1200,-0.1364,0.7500,0.0136,N/A,N/A,0.9000,9,9,0.21
1201,-0.2152,0.6667,0.0181,N/A,N/A,0.9000,9,8,0.24
1202,-0.0977,0.3846,0.0177,N/A,N/A,0.5000,5,5,0.24
1203,0.0492,0.5385,0.0108,N/A,N/A,0.5000,5,7,0.22
1204,-0.1478,0.6364,0.0159,N/A,N/A,0.8000,8,7,0.22
1205,-0.0010,0.5833,0.0157,N/A,N/A,0.6000,6,7,0.20
1206,-0.1396,0.6364,0.0240,N/A,N/A,0.8000,8,7,0.22
1207,-0.0125,0.6667,0.0209,N/A,N/A,0.7000,7,8,0.19
1208,-0.2581,0.7273,0.0146,N/A,N/A,1.0000,10,8,0.25
1209,-0.4580,0.6154,0.0266,N/A,N/A,1.1000,11,8,0.23
1210,-0.1182,0.5625,0.0193,N/A,N/A,0.7000,7,9,0.23
1211,0.2321,0.7143,0.0178,N/A,N/A,0.5000,5,10,0.23
1212,-0.2220,0.5556,0.0224,N/A,N/A,0.8000,8,5,0.21
1213,-0.0151,0.6667,0.0182,N/A,N/A,0.7000,7,8,0.20
1214,-0.0518,0.6364,0.0118,N/A,N/A,0.7000,7,7,0.21
1215,-0.2153,0.3636,0.0211,N/A,N/A,0.6000,6,4,0.23
1216,-0.1420,0.5385,0.0195,N/A,N/A,0.7000,7,7,0.22
1217,0.1045,0.6923,0.0122,N/A,N/A,0.6000,6,9,0.23
1218,-0.2633,0.6000,0.0367,N/A,N/A,0.9000,9,6,0.20
1219,-0.1050,0.7692,0.0258,N/A,N/A,0.9000,9,10,0.21
1220,0.0587,0.7500,0.0087,N/A,N/A,0.7000,7,9,0.21
1221,-0.0904,0.5000,0.0096,N/A,N/A,0.6000,6,5,0.21
1222,-0.2345,0.5455,0.0200,N/A,N/A,0.8000,8,6,0.24
1223,-0.2929,0.6923,0.0147,N/A,N/A,1.0000,10,9,0.25
1224,0.0114,0.5000,0.0114,N/A,N/A,0.5000,5,7,0.21
1225,-0.0042,0.5833,0.0125,N/A,N/A,0.6000,6,7,0.23
1226,-0.2400,0.6364,0.0236,N/A,N/A,0.9000,9,7,0.20
1227,0.1911,0.7692,0.0219,N/A,N/A,0.6000,6,10,0.18
1228,0.0952,0.7778,0.0174,N/A,N/A,0.7000,7,7,0.20
1229,-0.3642,0.2222,0.0136,N/A,N/A,0.6000,6,2,0.23
1230,-0.0260,0.4615,0.0125,N/A,N/A,0.5000,5,6,0.23
1231,-0.3417,0.8333,0.0250,N/A,N/A,1.2000,12,10,0.22
1232,-0.0098,0.5714,0.0187,N/A,N/A,0.6000,6,8,0.22
1233,0.0800,0.6667,0.0134,N/A,N/A,0.6000,6,8,0.21
1234,0.0226,0.8000,0.0226,N/A,N/A,0.8000,8,8,0.19
1235,-0.0752,0.9000,0.0248,N/A,N/A,1.0000,10,9,0.19
1236,-0.2555,0.8182,0.0263,N/A,N/A,1.1000,11,9,0.21
1237,-0.6431,0.5385,0.0184,N/A,N/A,1.2000,12,7,0.27
1238,-0.0631,0.2222,0.0147,N/A,N/A,0.3000,3,4,0.26
1239,-0.2731,0.4118,0.0152,N/A,N/A,0.7000,7,7,0.27
1240,0.1239,0.4118,0.0121,N/A,N/A,0.3000,3,7,0.25
1241,-0.0249,0.4615,0.0136,N/A,N/A,0.5000,5,6,0.24
1242,-0.3673,0.4167,0.0160,N/A,N/A,0.8000,8,5,0.25
1243,-0.2154,0.2667,0.0179,N/A,N/A,0.5000,5,4,0.27
1244,-0.2403,0.4375,0.0222,N/A,N/A,0.7000,7,7,0.26
1245,-0.1346,0.2500,0.0154,N/A,N/A,0.4000,4,4,0.26
1246,-0.0228,0.5625,0.0147,N/A,N/A,0.6000,6,9,0.27
1247,-0.1980,0.3846,0.0173,N/A,N/A,0.6000,6,5,0.26
1248,-0.0121,0.5714,0.0165,N/A,N/A,0.6000,6,8,0.25
1249,-0.2404,0.3333,0.0263,N/A,N/A,0.6000,6,4,0.25
1250,-0.2717,0.2143,0.0140,N/A,N/A,0.5000,5,3,0.24
1251,-0.2300,0.2500,0.0200,N/A,N/A,0.5000,5,4,0.26
1252,-0.1311,0.3529,0.0160,N/A,N/A,0.5000,5,6,0.26
1253,-0.1508,0.4375,0.0117,N/A,N/A,0.6000,6,7,0.24
1254,-0.2834,0.6000,0.0166,N/A,N/A,0.9000,9,9,0.24
1255,0.1441,0.5333,0.0107,N/A,N/A,0.4000,4,8,0.24
1256,-0.2235,0.4545,0.0220,N/A,N/A,0.7000,7,5,0.25
1257,-0.6171,0.4615,0.0213,N/A,N/A,1.1000,11,6,0.27
1258,-0.0899,0.3889,0.0212,N/A,N/A,0.5000,5,7,0.27
1259,-0.2051,0.3750,0.0199,N/A,N/A,0.6000,6,6,0.26
1260,-0.3875,0.5000,0.0125,N/A,N/A,0.9000,9,8,0.24
1261,-0.0919,0.5882,0.0198,N/A,N/A,0.7000,7,10,0.24
1262,-0.0918,0.5000,0.0082,N/A,N/A,0.6000,6,7,0.24
1263,-0.3746,0.3077,0.0177,N/A,N/A,0.7000,7,4,0.26
1264,-0.3728,0.3125,0.0147,N/A,N/A,0.7000,7,5,0.27
1265,-0.0590,0.2222,0.0187,N/A,N/A,0.3000,3,4,0.27
1266,-0.3448,0.2353,0.0199,N/A,N/A,0.6000,6,4,0.26
1267,-0.2556,0.5263,0.0181,N/A,N/A,0.8000,8,10,0.27
1268,-0.0818,0.2941,0.0241,N/A,N/A,0.4000,4,5,0.25
1269,-0.2021,0.6875,0.0104,N/A,N/A,0.9000,9,11,0.23
1270,-0.1666,0.7143,0.0191,N/A,N/A,0.9000,9,10,0.23
1271,0.1209,0.6154,0.0055,N/A,N/A,0.5000,5,8,0.23
1272,-0.8754,0.1000,0.0246,N/A,N/A,1.0000,10,1,0.27
1273,-0.1629,0.3158,0.0214,N/A,N/A,0.5000,5,6,0.27
1274,-0.0043,0.2778,0.0179,N/A,N/A,0.3000,3,5,0.28
1275,-0.0108,0.3750,0.0142,N/A,N/A,0.4000,4,6,0.26
1276,-0.1823,0.5000,0.0177,N/A,N/A,0.7000,7,7,0.24
1277,-0.2078,0.5714,0.0208,N/A,N/A,0.8000,8,8,0.22
1278,-0.1885,0.5000,0.0115,N/A,N/A,0.7000,7,7,0.27
1279,-0.5485,0.4286,0.0229,N/A,N/A,1.0000,10,6,0.27
1280,-0.3336,0.4444,0.0219,N/A,N/A,0.8000,8,8,0.24
1281,-0.0373,0.4444,0.0183,N/A,N/A,0.5000,5,8,0.26
1282,-0.0231,0.4667,0.0102,N/A,N/A,0.5000,5,7,0.25
1283,-0.1225,0.4615,0.0159,N/A,N/A,0.6000,6,6,0.23
1284,-0.5586,0.6154,0.0260,N/A,N/A,1.2000,12,8,0.23
1285,-0.3765,0.7059,0.0176,N/A,N/A,1.1000,11,12,0.25
1286,-0.2381,0.2500,0.0119,N/A,N/A,0.5000,5,4,0.25
1287,-0.0530,0.5294,0.0176,N/A,N/A,0.6000,6,9,0.26
1288,-0.2551,0.4286,0.0163,N/A,N/A,0.7000,7,6,0.25
1289,-0.1447,0.3333,0.0219,N/A,N/A,0.5000,5,5,0.26
1290,0.2198,0.6000,0.0198,N/A,N/A,0.4000,4,9,0.21
1291,-0.2715,0.7000,0.0285,N/A,N/A,1.0000,10,7,0.22
1292,-0.1687,0.3077,0.0236,N/A,N/A,0.5000,5,4,0.23
1293,-0.1037,0.7857,0.0106,N/A,N/A,0.9000,9,11,0.24
1294,-0.5806,0.5000,0.0194,N/A,N/A,1.1000,11,6,0.25
1295,-0.0710,0.4118,0.0173,N/A,N/A,0.5000,5,7,0.25
1296,-0.0835,0.6000,0.0165,N/A,N/A,0.7000,7,9,0.25
1297,-0.4354,0.8462,0.0185,N/A,N/A,1.3000,13,11,0.21
1298,0.0492,0.5333,0.0158,N/A,N/A,0.5000,5,8,0.22
1299,-0.5627,0.4167,0.0207,N/A,N/A,1.0000,10,5,0.26
1300,0.1705,0.3529,0.0175,N/A,N/A,0.2000,2,6,0.24
1301,-0.0267,0.4615,0.0117,N/A,N/A,0.5000,5,6,0.24
1302,-0.2555,0.3333,0.0112,N/A,N/A,0.6000,6,4,0.23
1303,-0.3126,0.5714,0.0160,N/A,N/A,0.9000,9,8,0.24
1304,-0.0543,0.7333,0.0124,N/A,N/A,0.8000,8,11,0.22
1305,-0.1855,0.5000,0.0145,N/A,N/A,0.7000,7,6,0.23
1306,-0.2132,0.4615,0.0253,N/A,N/A,0.7000,7,6,0.25
1307,-0.4192,0.3571,0.0237,N/A,N/A,0.8000,8,5,0.25
1308,-0.1927,0.5882,0.0190,N/A,N/A,0.8000,8,10,0.24
1309,-0.3183,0.4667,0.0150,N/A,N/A,0.8000,8,7,0.24
1310,-0.3816,0.5000,0.0184,N/A,N/A,0.9000,9,8,0.24
1311,0.0896,0.4706,0.0190,N/A,N/A,0.4000,4,8,0.22
1312,-0.3396,0.5385,0.0219,N/A,N/A,0.9000,9,7,0.24
1313,-0.3510,0.5333,0.0157,N/A,N/A,0.9000,9,8,0.25
1314,-0.3018,0.3750,0.0232,N/A,N/A,0.7000,7,6,0.25
1315,-0.1660,0.4118,0.0223,N/A,N/A,0.6000,6,7,0.24
1316,0.0825,0.5625,0.0200,N/A,N/A,0.5000,5,9,0.24
1317,-0.1789,0.5000,0.0211,N/A,N/A,0.7000,7,6,0.25
1318,-0.1446,0.5385,0.0169,N/A,N/A,0.7000,7,7,0.23
1319,-0.0600,0.6154,0.0246,N/A,N/A,0.7000,7,8,0.24
1320,-0.3471,0.3333,0.0196,N/A,N/A,0.7000,7,4,0.26
1321,-0.2177,0.4667,0.0157,N/A,N/A,0.7000,7,7,0.25
1322,-0.1793,0.4000,0.0207,N/A,N/A,0.6000,6,6,0.25
1323,-0.2475,0.5333,0.0192,N/A,N/A,0.8000,8,8,0.24
1324,-0.1469,0.5333,0.0198,N/A,N/A,0.7000,7,8,0.26
1325,-0.0586,0.4286,0.0128,N/A,N/A,0.5000,5,6,0.23
1326,-0.1281,0.4615,0.0104,N/A,N/A,0.6000,6,6,0.25
1327,-0.2261,0.4615,0.0124,N/A,N/A,0.7000,7,6,0.25
1328,-0.4259,0.3571,0.0170,N/A,N/A,0.8000,8,5,0.26
1329,-0.2320,0.6471,0.0209,N/A,N/A,0.9000,9,11,0.24
1330,-0.0244,0.4667,0.0090,N/A,N/A,0.5000,5,7,0.24
1331,-0.5192,0.4615,0.0193,N/A,N/A,1.0000,10,6,0.24
1332,0.2638,0.6471,0.0167,N/A,N/A,0.4000,4,11,0.22
1333,-0.2843,0.6000,0.0157,N/A,N/A,0.9000,9,6,0.27
1334,-0.2432,0.5385,0.0184,N/A,N/A,0.8000,8,7,0.27
1335,-0.3543,0.4286,0.0172,N/A,N/A,0.8000,8,6,0.31
1336,-0.3766,0.5000,0.0234,N/A,N/A,0.9000,9,8,0.25
1337,-0.1498,0.5294,0.0208,N/A,N/A,0.7000,7,9,0.24
1338,-0.2119,0.2667,0.0214,N/A,N/A,0.5000,5,4,0.25
1339,0.0121,0.5000,0.0121,N/A,N/A,0.5000,5,8,0.23
1340,-0.1674,0.6154,0.0172,N/A,N/A,0.8000,8,8,0.25
1341,-0.6725,0.3077,0.0198,N/A,N/A,1.0000,10,4,0.26
1342,-0.0624,0.2105,0.0271,N/A,N/A,0.3000,3,4,0.26
1343,0.0234,0.6111,0.0123,N/A,N/A,0.6000,6,11,0.26
1344,-0.5144,0.4615,0.0240,N/A,N/A,1.0000,10,6,0.25
1345,-0.0955,0.5882,0.0163,N/A,N/A,0.7000,7,10,0.26
1346,-0.2112,0.5714,0.0174,N/A,N/A,0.8000,8,8,0.26
1347,-0.1312,0.3571,0.0117,N/A,N/A,0.5000,5,5,0.24
1348,-0.4678,0.2143,0.0179,N/A,N/A,0.7000,7,3,0.26
1349,-0.2695,0.6111,0.0193,N/A,N/A,0.9000,9,11,0.27
1350,-0.0465,0.4375,0.0160,N/A,N/A,0.5000,5,7,0.25
1351,-0.3670,0.2143,0.0187,N/A,N/A,0.6000,6,3,0.26
1352,-0.1259,0.3529,0.0211,N/A,N/A,0.5000,5,6,0.26
1353,0.1253,0.5000,0.0253,N/A,N/A,0.4000,4,8,0.22
1354,-0.5797,0.5000,0.0203,N/A,N/A,1.1000,11,6,0.26
1355,-0.2432,0.2353,0.0216,N/A,N/A,0.5000,5,4,0.29
1356,-0.2824,0.5000,0.0176,N/A,N/A,0.8000,8,9,0.25
1357,-0.0384,0.6471,0.0146,N/A,N/A,0.7000,7,11,0.27
1358,-0.1255,0.4615,0.0130,N/A,N/A,0.6000,6,6,0.25
1359,-0.3435,0.5385,0.0180,N/A,N/A,0.9000,9,7,0.25
1360,-0.2747,0.6000,0.0253,N/A,N/A,0.9000,9,9,0.23
1361,0.0837,0.4667,0.0170,N/A,N/A,0.4000,4,7,0.24
1362,-0.2728,0.4167,0.0105,N/A,N/A,0.7000,7,5,0.27
1363,-0.2303,0.3571,0.0126,N/A,N/A,0.6000,6,5,0.27
1364,-0.2501,0.3333,0.0166,N/A,N/A,0.6000,6,5,0.27
1365,0.0498,0.4375,0.0123,N/A,N/A,0.4000,4,7,0.26
1366,-0.2244,0.4615,0.0141,N/A,N/A,0.7000,7,6,0.27
1367,-0.1870,0.5000,0.0130,N/A,N/A,0.7000,7,7,0.25
1368,-0.1411,0.6429,0.0160,N/A,N/A,0.8000,8,9,0.24
1369,-0.6384,0.5385,0.0232,N/A,N/A,1.2000,12,7,0.28
1370,-0.0360,0.4444,0.0196,N/A,N/A,0.5000,5,8,0.27
1371,-0.2488,0.1333,0.0179,N/A,N/A,0.4000,4,2,0.26
1372,-0.3644,0.1176,0.0179,N/A,N/A,0.5000,5,2,0.26
1373,0.0133,0.4000,0.0133,N/A,N/A,0.4000,4,8,0.26
1374,-0.0627,0.6250,0.0123,N/A,N/A,0.7000,7,10,0.24
1375,-0.3292,0.4615,0.0093,N/A,N/A,0.8000,8,6,0.26
1376,0.1152,0.4000,0.0152,N/A,N/A,0.3000,3,6,0.27
1377,-0.7451,0.3333,0.0215,N/A,N/A,1.1000,11,4,0.27
1378,0.0386,0.5263,0.0123,N/A,N/A,0.5000,5,10,0.26
1379,-0.4217,0.3571,0.0212,N/A,N/A,0.8000,8,5,0.25
1380,-0.3943,0.5882,0.0175,N/A,N/A,1.0000,10,10,0.28
1381,-0.2523,0.5294,0.0183,N/A,N/A,0.8000,8,9,0.25
1382,-0.1803,0.5000,0.0197,N/A,N/A,0.7000,7,8,0.26
1383,-0.4178,0.4667,0.0155,N/A,N/A,0.9000,9,7,0.26
1384,-0.2151,0.4706,0.0143,N/A,N/A,0.7000,7,8,0.27
1385,-0.1081,0.3750,0.0169,N/A,N/A,0.5000,5,6,0.26
1386,-0.0485,0.3333,0.0182,N/A,N/A,0.4000,4,5,0.26
1387,-0.3102,0.5714,0.0183,N/A,N/A,0.9000,9,8,0.24
1388,-0.3076,0.6667,0.0257,N/A,N/A,1.0000,10,10,0.23
1389,-0.2151,0.6667,0.0182,N/A,N/A,0.9000,9,10,0.25
1390,-0.0663,0.2143,0.0194,N/A,N/A,0.3000,3,3,0.25
1391,0.0842,0.5714,0.0128,N/A,N/A,0.5000,5,8,0.24
1392,-0.2302,0.5455,0.0244,N/A,N/A,0.8000,8,6,0.23
1393,0.0294,0.6154,0.0140,N/A,N/A,0.6000,6,8,0.22
1394,-0.2569,0.7273,0.0158,N/A,N/A,1.0000,10,8,0.23
1395,0.0094,0.6923,0.0171,N/A,N/A,0.7000,7,9,0.22
1396,-0.0217,0.3636,0.0146,N/A,N/A,0.4000,4,4,0.22
1397,-0.2185,0.3636,0.0179,N/A,N/A,0.6000,6,4,0.24
1398,-0.0998,0.3846,0.0156,N/A,N/A,0.5000,5,5,0.25
1399,0.0516,0.5385,0.0132,N/A,N/A,0.5000,5,7,0.24
1400,-0.2424,0.6364,0.0212,N/A,N/A,0.9000,9,7,0.23
1401,-0.3387,0.5385,0.0228,N/A,N/A,0.9000,9,7,0.22
1402,0.1100,0.6000,0.0100,N/A,N/A,0.5000,5,9,0.20
1403,-0.1332,0.6364,0.0304,N/A,N/A,0.8000,8,7,0.20
1404,-0.2909,0.5833,0.0257,N/A,N/A,0.9000,9,7,0.21
1405,-0.0428,0.6429,0.0143,N/A,N/A,0.7000,7,9,0.24
1406,-0.1167,0.6667,0.0166,N/A,N/A,0.8000,8,8,0.21
1407,0.0483,0.8333,0.0149,N/A,N/A,0.8000,8,10,0.22
1408,-0.1748,0.6000,0.0252,N/A,N/A,0.8000,8,6,0.20
1409,-0.1162,0.6667,0.0172,N/A,N/A,0.8000,8,8,0.21
1410,-0.2036,0.6667,0.0297,N/A,N/A,0.9000,9,8,0.20
1411,-0.2457,0.5385,0.0159,N/A,N/A,0.8000,8,7,0.23
1412,-0.0670,0.7143,0.0187,N/A,N/A,0.8000,8,10,0.21
1413,-0.0138,0.6667,0.0196,N/A,N/A,0.7000,7,8,0.19
1414,0.2451,0.7273,0.0178,N/A,N/A,0.5000,5,8,0.16
1415,-0.0092,0.8750,0.0158,N/A,N/A,0.9000,9,7,0.20
1416,0.0218,0.7000,0.0218,N/A,N/A,0.7000,7,7,0.18
1417,0.1089,0.7000,0.0089,N/A,N/A,0.6000,6,7,0.21
1418,-0.5184,0.5556,0.0260,N/A,N/A,1.1000,11,5,0.23
1419,-0.0886,0.8000,0.0114,N/A,N/A,0.9000,9,12,0.22
1420,0.1990,0.6667,0.0324,N/A,N/A,0.5000,5,8,0.19
1421,-0.1274,0.5556,0.0170,N/A,N/A,0.7000,7,5,0.23
1422,0.0309,0.8182,0.0127,N/A,N/A,0.8000,8,9,0.19
1423,-0.0802,0.7000,0.0198,N/A,N/A,0.8000,8,7,0.18
1424,0.0344,0.9091,0.0253,N/A,N/A,0.9000,9,10,0.18
1425,0.0114,1.0000,0.0114,N/A,N/A,1.0000,10,10,0.21
1426,-0.0860,0.5000,0.0140,N/A,N/A,0.6000,6,5,0.21
1427,-0.1183,0.4545,0.0271,N/A,N/A,0.6000,6,5,0.20
1428,0.3355,1.0000,0.0355,N/A,N/A,0.7000,7,12,0.16
1429,0.0161,1.0000,0.0161,N/A,N/A,1.0000,10,7,0.18
1430,-0.0698,0.9000,0.0302,N/A,N/A,1.0000,10,9,0.18
1431,0.0385,0.8182,0.0204,N/A,N/A,0.8000,8,9,0.18
1432,0.0273,0.7000,0.0273,N/A,N/A,0.7000,7,7,0.19
1433,-0.0854,0.8000,0.0146,N/A,N/A,0.9000,9,8,0.21
1434,-0.1147,0.4545,0.0308,N/A,N/A,0.6000,6,5,0.20
1435,0.0555,0.9167,0.0388,N/A,N/A,0.9000,9,11,0.18
1436,0.0263,1.0000,0.0263,N/A,N/A,1.0000,10,10,0.19
1437,-0.0721,0.8000,0.0279,N/A,N/A,0.9000,9,8,0.19
1438,-0.0610,0.8182,0.0208,N/A,N/A,0.9000,9,9,0.19
1439,0.0621,0.5455,0.0167,N/A,N/A,0.5000,5,6,0.19
1440,-0.0768,0.8000,0.0232,N/A,N/A,0.9000,9,8,0.19
1441,-0.0357,0.6364,0.0279,N/A,N/A,0.7000,7,7,0.18
1442,0.1351,0.8182,0.0169,N/A,N/A,0.7000,7,9,0.17
1443,0.2281,0.7778,0.0503,N/A,N/A,0.6000,6,7,0.16
1444,0.4323,0.7500,0.0823,N/A,N/A,0.4000,4,6,0.12
1445,0.3540,0.6667,0.0873,N/A,N/A,0.4000,4,4,0.13
1446,-0.1053,0.6667,0.0281,N/A,N/A,0.8000,8,4,0.18
1447,0.0320,0.9000,0.0320,N/A,N/A,0.9000,9,9,0.19
1448,0.0237,0.8000,0.0237,N/A,N/A,0.8000,8,8,0.20
1449,-0.1838,0.9000,0.0162,N/A,N/A,1.1000,11,9,0.21
1450,-0.1617,0.9167,0.0216,N/A,N/A,1.1000,11,11,0.20
1451,0.1402,0.9167,0.0236,N/A,N/A,0.8000,8,11,0.17
